INTERVAL_MINUTE,HOURS,SAMPLES,SAMPLES_PER_HOUR,ON_CPU,USER_IO,LOG_FILE_SYNC,RESMGR_CPU,ORDER_STATUS,PLACE_ORDER
00,1,10,10,6,0,4,0,1,4
01,2,8,4,4,0,4,0,1,3
02,2,11,5.5,4,2,5,0,2,3
03,2,12,6,8,1,3,0,2,7
04,2,9,4.5,4,1,4,0,1,5
05,2,9,4.5,4,0,5,0,1,4
06,2,7,3.5,7,0,0,0,2,3
07,2,4,2,3,1,0,0,1,1
08,2,11,5.5,9,0,2,0,2,2
09,2,8,4,5,0,3,0,0,5
10,2,12,6,9,0,3,0,0,5
11,2,8,4,6,1,1,0,1,4
12,2,10,5,5,0,5,0,1,5
13,2,8,4,4,2,2,0,0,6
14,1,7,7,5,0,2,0,0,4
15,2,13,6.5,10,1,2,0,2,8
16,2,27,13.5,11,10,6,0,8,14
17,2,18,9,2,8,3,5,9,5
18,2,11,5.5,3,7,1,0,7,2
19,2,19,9.5,9,4,6,0,8,4
20,2,23,11.5,9,12,2,0,14,5
21,2,13,6.5,4,8,1,0,7,5
22,2,18,9,8,7,3,0,10,4
23,2,21,10.5,10,7,4,0,7,10
24,2,22,11,9,9,4,0,8,10
25,2,14,7,2,11,1,0,9,2
26,1,6,6,3,2,1,0,2,1
40,1,5,5,3,1,1,0,1,3
41,2,11,5.5,6,3,2,0,4,4
42,2,11,5.5,7,1,3,0,1,5
43,3,15,5,12,1,2,0,3,5
44,3,24,8,11,4,9,0,4,9
45,3,24,8,13,3,8,0,5,12
46,3,23,7.7,13,2,8,0,3,11
47,3,29,9.7,21,3,4,0,7,9
48,3,30,10,20,3,7,0,7,12
49,3,26,8.7,17,4,5,0,6,13
50,3,18,6,14,1,3,0,2,7
51,3,23,7.7,17,3,3,0,5,10
52,3,21,7,9,0,10,0,1,13
53,2,14,7,11,1,2,0,3,6
54,2,10,5,6,0,4,0,0,5
55,1,2,2,1,0,1,0,0,1
56,1,6,6,6,0,0,0,1,2
57,1,3,3,2,1,0,0,1,2
58,1,4,4,3,0,1,0,0,1
59,1,15,15,7,1,7,0,3,2
