SAMPLE_TIME,USERNAME,SESSION_TYPE,PROGRAM,MODULE,ACTION,SESSION_ID,SESSION_SERIAL#,IN_CONNECTION_MGMT,EVENT
2026-10-06 17:11:37,SYS,BACK,(W000),KTSJ,KTSJ Slave,231,33668,N,ON CPU
2026-10-06 17:13:32,SYS,BACK,(MZ00),MMON_SLAVE,Copy mappings to Pdbs execution,231,23319,N,ON CPU
2026-10-06 17:17:27,SYS,BACK,(M001),MMON_SLAVE,AutoTask Dispatcher,217,57380,N,ON CPU
2026-10-06 17:17:28,SYS,FORE,(J000),SYS_AUTO_STS_MODULE,CAPTURE_CURSOR_CACHE,73,32725,N,ON CPU
2026-10-06 17:17:29,SYS,FORE,(J000),SYS_AUTO_STS_MODULE,CAPTURE_CURSOR_CACHE,73,32725,N,direct path write temp
2026-10-06 17:17:30,SYS,FORE,(J000),SYS_AUTO_STS_MODULE,CAPTURE_CURSOR_CACHE,73,32725,N,direct path write temp
2026-10-06 17:17:31,SYS,FORE,(J000),SYS_AUTO_STS_MODULE,CAPTURE_CURSOR_CACHE,73,32725,N,ON CPU
2026-10-06 17:18:27,SYS,FORE,(J000),DBMS_SCHEDULER,ORA$_ATSK_IVFIBGSCHT,73,18800,N,ON CPU
2026-10-06 17:18:33,SYS,BACK,(MZ00),MMON_SLAVE,Copy mappings to Pdbs execution,232,12830,N,db file sequential read
2026-10-06 17:23:15,SYS,FORE,(J000),DBMS_SCHEDULER,CHAOS_REAPER,73,25691,N,log file sync
2026-10-06 17:28:34,SYS,BACK,(MZ00),MMON_SLAVE,Copy mappings to Pdbs execution,71,50187,N,ON CPU
2026-10-06 17:28:48,ANOM_MON,FORE,(TNS V1-V3),DBMS_SCHEDULER,ANOM_COLLECT_JOB,233,45383,N,ON CPU
2026-10-06 17:31:06,SYS,FORE,(BG00),sys$bsg_timeout,AWR Raw Metrics Capture,178,29651,N,ON CPU
2026-10-06 17:32:29,SYS,FORE,(J000),SYS_AUTO_STS_MODULE,RECREATE STS,73,36187,N,ON CPU
2026-10-06 17:32:30,SYS,FORE,(J000),SYS_AUTO_STS_MODULE,CAPTURE_CURSOR_CACHE,73,36187,N,direct path write temp
2026-10-06 17:32:31,SYS,FORE,(J000),SYS_AUTO_STS_MODULE,CAPTURE_CURSOR_CACHE,73,36187,N,direct path write
2026-10-06 17:33:15,SHOP,FORE,(J000),DBMS_SCHEDULER,CHAOS_REAPER,73,7872,N,ON CPU
2026-10-06 17:47:30,SYS,FORE,(J000),SYS_AUTO_STS_MODULE,CAPTURE_CURSOR_CACHE,73,38833,N,ON CPU
2026-10-06 17:59:28,SYS,BACK,(M006),MMON_SLAVE,Flush KSXM hash table action,67,14593,N,db file scattered read
2026-10-06 18:00:20,CHAOS_CTL,FORE,(TNS V1-V3),DBMS_SCHEDULER,ANOM_TRUTH_JOB,40,11933,N,ON CPU
2026-10-06 18:00:31,SYS,BACK,(M000),MMON_SLAVE,PDB Auto-Flush Slave Action,59,5856,N,ON CPU
2026-10-06 18:00:32,SYS,BACK,(M000),MMON_SLAVE,PDB Auto-Flush Slave Action,59,5856,N,log file switch (checkpoint incomplete)
2026-10-06 18:00:33,SYS,BACK,(M000),MMON_SLAVE,PDB Auto-Flush Slave Action,59,5856,N,ON CPU
2026-10-06 18:00:34,SYS,BACK,(M009),MMON_SLAVE,Auto ADDM Slave Action,66,32281,N,db file sequential read
2026-10-06 18:00:35,SYS,BACK,(M009),MMON_SLAVE,Auto ADDM Slave Action,66,32281,N,db file sequential read
2026-10-06 18:00:36,SYS,BACK,(M009),MMON_SLAVE,Auto ADDM Slave Action,66,32281,N,db file sequential read
2026-10-06 18:02:31,SYS,FORE,(J001),SYS_AUTO_STS_MODULE,CAPTURE_CURSOR_CACHE,179,24445,N,resmgr:cpu quantum
2026-10-06 18:02:32,SYS,FORE,(J001),SYS_AUTO_STS_MODULE,CAPTURE_CURSOR_CACHE,179,24445,N,ON CPU
2026-10-06 18:05:33,SYS,BACK,(W001),KTSJ,KTSJ Slave,232,54120,N,ON CPU
2026-10-06 18:09:34,SYS,FORE,(BG00),sys$bsg_timeout,Vector Index timeout action6,19,58623,N,ON CPU
2026-10-06 18:09:47,SYS,FORE,(BG00),sys$bsg_timeout,Commit Tracking Infrastructure action,33,15492,N,ON CPU
2026-10-06 18:15:28,SHOP,FORE,(J002),PKG_CHAOS,dispatcher 2 idle,43,19328,N,ON CPU
2026-10-06 18:15:30,SHOP,FORE,(J002),PKG_CHAOS,dispatcher 2 idle,43,19328,N,ON CPU
2026-10-06 18:17:32,SYS,BACK,(M005),MMON_SLAVE,AutoTask Dispatcher,65,40679,N,db file sequential read
2026-10-06 18:17:33,SYS,FORE,(J000),SYS_AUTO_STS_MODULE,CAPTURE_CURSOR_CACHE,207,37057,N,ON CPU
2026-10-06 18:18:38,SYS,BACK,(MZ00),MMON_SLAVE,Copy mappings to Pdbs execution,227,62070,N,db file scattered read
2026-10-06 18:28:42,SHOP,FORE,(J002),PKG_CHAOS,dispatcher 2 idle,43,19328,N,ON CPU
2026-10-06 18:29:14,SYS,FORE,(BG00),sys$bsg_timeout,Commit Tracking Infrastructure action,33,15492,N,ON CPU
2026-10-06 18:29:30,SYS,BACK,(M001),MMON_SLAVE,Flush KSXM hash table action,217,57380,N,db file sequential read
2026-10-06 18:30:48,ANOM_MON,FORE,(TNS V1-V3),DBMS_SCHEDULER,ANOM_COLLECT_JOB,219,16551,N,ON CPU
2026-10-06 18:32:34,SYS,BACK,(M006),MMON_SLAVE,AutoTask Dispatcher,67,14593,N,resmgr:cpu quantum
2026-10-06 18:32:35,SYS,FORE,(J000),SYS_AUTO_STS_MODULE,CAPTURE_CURSOR_CACHE,207,57911,N,ON CPU
2026-10-06 18:32:36,SYS,FORE,(J000),SYS_AUTO_STS_MODULE,CAPTURE_CURSOR_CACHE,207,57911,N,direct path write temp
2026-10-06 18:32:37,SYS,BACK,(M008),MMON_SLAVE,Auto-STS Flush,41,16026,N,ON CPU
2026-10-06 18:32:37,SYS,FORE,(J000),SYS_AUTO_STS_MODULE,CAPTURE_CURSOR_CACHE,207,57911,N,direct path read temp
2026-10-06 18:33:34,SYS,BACK,(M006),MMON_SLAVE,AutoTask Dispatcher,67,14593,N,ON CPU
2026-10-06 18:38:40,SYS,BACK,(MZ00),MMON_SLAVE,Copy mappings to Pdbs execution,73,9823,N,ON CPU
2026-10-06 18:42:26,SYS,FORE,(BG00),sys$bsg_timeout,Commit Tracking Infrastructure action,33,15492,N,ON CPU
2026-10-06 18:43:41,SYS,BACK,(MZ00),MMON_SLAVE,Copy mappings to Pdbs execution,213,54086,N,ON CPU
2026-10-06 18:45:57,SHOP,FORE,(J002),PKG_CHAOS,dispatcher 2 idle,43,19328,N,ON CPU
2026-10-06 18:46:01,SHOP,FORE,(J002),PKG_CHAOS,dispatcher 2 idle,43,19328,N,ON CPU
2026-10-06 18:47:36,SYS,FORE,(J001),SYS_AUTO_STS_MODULE,CAPTURE_CURSOR_CACHE,179,18344,N,ON CPU
2026-10-06 18:47:37,SYS,FORE,(J001),SYS_AUTO_STS_MODULE,CAPTURE_CURSOR_CACHE,179,18344,N,direct path write temp
2026-10-06 18:47:38,SYS,FORE,(J001),SYS_AUTO_STS_MODULE,CAPTURE_CURSOR_CACHE,179,18344,N,direct path write
2026-10-06 18:55:15,SYS,FORE,(J000),DBMS_SCHEDULER,CHAOS_REAPER,207,14958,N,ON CPU
2026-10-06 18:57:48,ANOM_MON,FORE,(TNS V1-V3),DBMS_SCHEDULER,ANOM_COLLECT_JOB,219,16551,N,ON CPU
2026-10-06 19:00:37,SYS,BACK,(M005),MMON_SLAVE,PDB Auto-Flush Slave Action,65,40679,N,db file sequential read
2026-10-06 19:00:38,SYS,BACK,(M005),MMON_SLAVE,PDB Auto-Flush Slave Action,65,40679,N,log file switch (checkpoint incomplete)
2026-10-06 19:00:39,SYS,BACK,(M005),MMON_SLAVE,PDB Auto-Flush Slave Action,65,40679,N,db file sequential read
2026-10-06 19:00:40,SYS,BACK,(M005),MMON_SLAVE,PDB Auto-Flush Slave Action,65,40679,N,db file sequential read
2026-10-06 19:00:41,SYS,BACK,(M009),MMON_SLAVE,Auto ADDM Slave Action,66,32281,N,db file sequential read
2026-10-06 19:00:42,SYS,BACK,(M009),MMON_SLAVE,Auto ADDM Slave Action,66,32281,N,db file sequential read
2026-10-06 19:01:37,SYS,BACK,(CJQ0),sys$abs_timeout,Job Queue Timout,208,19894,N,ON CPU
2026-10-06 19:02:37,SYS,FORE,(J002),SYS_AUTO_STS_MODULE,CAPTURE_CURSOR_CACHE,73,1637,N,ON CPU
2026-10-06 19:02:38,SYS,FORE,(J002),SYS_AUTO_STS_MODULE,CAPTURE_CURSOR_CACHE,73,1637,N,direct path write
2026-10-06 19:09:01,SHOP,FORE,(J000),PKG_CHAOS,dispatcher 2 idle,207,53880,N,ON CPU
2026-10-06 19:11:57,SYS,BACK,(DBW0),sys$abs_timeout,DBWR write buffers,171,11566,N,ON CPU
2026-10-06 19:15:17,SYS,FORE,(BG00),sys$bsg_timeout,memory RM timeout action,178,29651,N,ON CPU
2026-10-06 19:16:15,SHOP,FORE,(J001),DBMS_SCHEDULER,CHAOS_REAPER,219,42060,N,ON CPU
2026-10-06 19:17:06,SYS,FORE,(BG00),sys$bsg_timeout,AWR Raw Metrics Capture,178,29651,N,ON CPU
2026-10-06 19:17:12,SYS,BACK,(DBW0),sys$abs_timeout,DBWR write buffers,171,11566,N,ON CPU
2026-10-06 19:17:38,SYS,FORE,(J002),SYS_AUTO_STS_MODULE,RECREATE STS,73,19142,N,ON CPU
2026-10-06 19:17:39,SYS,FORE,(J002),SYS_AUTO_STS_MODULE,CAPTURE_CURSOR_CACHE,73,19142,N,db file sequential read
2026-10-06 19:18:15,SYS,FORE,(J001),DBMS_SCHEDULER,CHAOS_REAPER,219,6791,N,log file sync
2026-10-06 19:18:44,SYS,BACK,(MZ00),MMON_SLAVE,Copy mappings to Pdbs execution,69,49040,N,ON CPU
2026-10-06 19:21:49,SYS,BACK,(W001),KTSJ,KTSJ Slave,67,42590,N,db file sequential read
2026-10-06 19:21:49,SYS,BACK,(W000),KTSJ,KTSJ Slave,213,22474,N,ON CPU
2026-10-06 19:22:43,SYS,FORE,(J001),DBMS_SCHEDULER,CLEANUP_TOBE_DROPPED_IDX,219,27759,N,ON CPU
2026-10-06 19:22:44,SYS,FORE,(J001),DBMS_SCHEDULER,CLEANUP_TOBE_DROPPED_IDX,219,27759,N,ON CPU
2026-10-06 19:24:46,SHOP,FORE,(J003),PKG_CHAOS,dispatcher 1 idle,182,55951,N,ON CPU
2026-10-06 19:29:36,SYS,BACK,(M000),MMON_SLAVE,Flush KSXM hash table action,59,5856,N,db file sequential read
2026-10-06 19:32:40,SYS,FORE,(J001),SYS_AUTO_STS_MODULE,CAPTURE_CURSOR_CACHE,219,25303,N,ON CPU
2026-10-06 19:34:15,SYS,FORE,(J002),DBMS_SCHEDULER,CHAOS_REAPER,73,26035,N,ON CPU
2026-10-06 19:43:46,SYS,BACK,(MZ00),MMON_SLAVE,Copy mappings to Pdbs execution,232,65362,N,ON CPU
2026-10-06 19:47:42,SYS,FORE,(J002),SYS_AUTO_STS_MODULE,CAPTURE_CURSOR_CACHE,73,34652,N,ON CPU
2026-10-06 19:49:15,SHOP,FORE,(J001),DBMS_SCHEDULER,CHAOS_REAPER,219,55140,N,ON CPU
2026-10-06 19:51:52,SYS,BACK,(W001),KTSJ,KTSJ Slave,69,43470,N,ON CPU
2026-10-06 19:52:59,SYS,BACK,(M001),MMON_SLAVE,Monitor Tablespace Thresholds,217,57380,N,ON CPU
2026-10-06 19:57:41,SYS,BACK,(M009),MMON_SLAVE,AutoTask Dispatcher,66,32281,N,resmgr:cpu quantum
2026-10-06 20:00:20,CHAOS_CTL,FORE,(TNS V1-V3),DBMS_SCHEDULER,ANOM_TRUTH_JOB,179,25956,N,log file sync
2026-10-06 20:00:43,SYS,BACK,(M000),MMON_SLAVE,PDB Auto-Flush Slave Action,59,5856,N,ON CPU
2026-10-06 20:00:44,SYS,BACK,(M000),MMON_SLAVE,PDB Auto-Flush Slave Action,59,5856,N,ON CPU
2026-10-06 20:00:44,SYS,BACK,(M002),MMON_SLAVE,Auto-Flush Slave Action,67,41888,N,ON CPU
2026-10-06 20:00:45,SYS,BACK,(M008),MMON_SLAVE,Auto ADDM Slave Action,41,16026,N,ON CPU
2026-10-06 20:00:46,SYS,BACK,(M008),MMON_SLAVE,Auto ADDM Slave Action,41,16026,N,db file sequential read
2026-10-06 20:00:47,SYS,BACK,(M008),MMON_SLAVE,Auto ADDM Slave Action,41,16026,N,ON CPU
2026-10-06 20:00:57,SYS,FORE,(BG00),sys$bsg_timeout,Commit Tracking Infrastructure action,33,15492,N,ON CPU
2026-10-06 20:01:53,SYS,BACK,(W000),KTSJ,KTSJ Slave,40,42068,N,ON CPU
2026-10-06 20:01:57,SYS,FORE,(BG00),sys$bsg_timeout,Vector Index Failed Refresh Recovery Task,20,10885,N,ON CPU
2026-10-06 20:02:43,SYS,FORE,(J000),SYS_AUTO_STS_MODULE,CAPTURE_CURSOR_CACHE,213,10049,N,ON CPU
2026-10-06 20:02:44,SYS,FORE,(J000),SYS_AUTO_STS_MODULE,CAPTURE_CURSOR_CACHE,213,10049,N,ON CPU
2026-10-06 20:03:42,SYS,BACK,(M002),MMON_SLAVE,AutoTask Dispatcher,67,41888,N,ON CPU
2026-10-06 20:05:59,SHOP,FORE,(J002),PKG_CHAOS,dispatcher 2 idle,73,52749,N,ON CPU
2026-10-06 20:07:15,SYS,FORE,(J000),DBMS_SCHEDULER,CHAOS_REAPER,213,54792,N,ON CPU
2026-10-06 20:16:01,SHOP,FORE,(J003),PKG_CHAOS,dispatcher 1 idle,182,55951,N,ON CPU
2026-10-06 20:17:44,SYS,FORE,(J001),SYS_AUTO_STS_MODULE,CAPTURE_CURSOR_CACHE,219,25227,N,ON CPU
2026-10-06 20:17:45,SYS,FORE,(J001),SYS_AUTO_STS_MODULE,CAPTURE_CURSOR_CACHE,219,25227,N,ON CPU
2026-10-06 20:31:56,SYS,BACK,(W001),KTSJ,KTSJ Slave,68,8772,N,db file sequential read
2026-10-06 20:32:16,SYS,FORE,(J000),DBMS_SCHEDULER,CHAOS_REAPER,213,48977,N,log file sync
2026-10-06 20:32:46,SYS,FORE,(J000),SYS_AUTO_STS_MODULE,CAPTURE_CURSOR_CACHE,213,10986,N,ON CPU
2026-10-06 20:33:15,SYS,FORE,(J000),DBMS_SCHEDULER,CHAOS_REAPER,213,54852,N,ON CPU
2026-10-06 20:40:54,SHOP,FORE,(J002),PKG_CHAOS,dispatcher 2 idle,73,52749,N,ON CPU
2026-10-06 20:42:48,ANOM_MON,FORE,(TNS V1-V3),DBMS_SCHEDULER,ANOM_COLLECT_JOB,207,35651,N,ON CPU
2026-10-06 20:47:47,SYS,FORE,(J001),SYS_AUTO_STS_MODULE,CAPTURE_CURSOR_CACHE,219,58948,N,ON CPU
2026-10-06 20:50:30,SHOP,FORE,(J003),PKG_CHAOS,dispatcher 1 idle,182,55951,N,ON CPU
2026-10-06 20:50:32,SHOP,FORE,(J003),PKG_CHAOS,dispatcher 1 idle,182,55951,N,ON CPU
2026-10-06 20:58:45,SYS,BACK,(M002),MMON_SLAVE,Cleanup optimizer workload information,67,41888,N,db file scattered read
2026-10-06 20:58:46,SYS,BACK,(M002),MMON_SLAVE,Cleanup optimizer workload information,67,41888,N,db file scattered read
2026-10-06 20:59:45,SYS,BACK,(M002),MMON_SLAVE,Flush KSXM hash table action,67,41888,N,ON CPU
2026-10-06 21:00:48,SYS,BACK,(M001),MMON_SLAVE,PDB Auto-Flush Slave Action,217,57380,N,resmgr:cpu quantum
2026-10-06 21:00:49,SYS,BACK,(M001),MMON_SLAVE,PDB Auto-Flush Slave Action,217,57380,N,ON CPU
2026-10-06 21:00:50,SYS,BACK,(M001),MMON_SLAVE,PDB Auto-Flush Slave Action,217,57380,N,ON CPU
2026-10-06 21:00:51,SYS,BACK,(M001),MMON_SLAVE,PDB Auto-Flush Slave Action,217,57380,N,db file sequential read
2026-10-06 21:00:52,SYS,BACK,(M000),MMON_SLAVE,Auto ADDM Slave Action,59,5856,N,db file sequential read
2026-10-06 21:01:15,SYS,FORE,(J002),DBMS_SCHEDULER,CHAOS_REAPER,179,48994,N,ON CPU
2026-10-06 21:01:45,SHOP,FORE,(J000),PKG_CHAOS,dispatcher 2 idle,213,29324,N,ON CPU
2026-10-06 21:02:48,SYS,FORE,(J002),SYS_AUTO_STS_MODULE,CAPTURE_CURSOR_CACHE,179,52059,N,ON CPU
2026-10-06 21:02:49,SYS,FORE,(J002),SYS_AUTO_STS_MODULE,CAPTURE_CURSOR_CACHE,179,52059,N,ON CPU
2026-10-06 21:11:35,SYS,FORE,(BG00),sys$bsg_timeout,Vector Index timeout action8,178,29651,N,db file sequential read
2026-10-06 21:11:48,SYS,BACK,(MMON),sys$abs_timeout,"Block Cleanout Optim, Undo Segment Scan",13,39801,N,ON CPU
2026-10-06 21:15:05,SHOP,FORE,(J001),PKG_CHAOS,dispatcher 1 idle,219,11948,N,ON CPU
2026-10-06 21:17:49,SYS,BACK,(M008),MMON_SLAVE,AutoTask Dispatcher,41,16026,N,db file sequential read
2026-10-06 21:17:50,SYS,FORE,(J002),SYS_AUTO_STS_MODULE,CAPTURE_CURSOR_CACHE,179,38659,N,ON CPU
2026-10-06 21:19:52,SYS,FORE,(J003),DBMS_SCHEDULER,OBJNUM_REUSE_MAINTAIN_JOB$$,182,25385,N,ON CPU
2026-10-06 21:21:17,SHOP,FORE,(J000),PKG_CHAOS,dispatcher 2 idle,213,29324,N,ON CPU
2026-10-06 21:28:55,SHOP,FORE,(J001),PKG_CHAOS,dispatcher 1 idle,219,11948,N,ON CPU
2026-10-06 21:30:48,SYS,FORE,(BG00),sys$bsg_timeout,memory RM timeout action,178,29651,N,ON CPU
2026-10-06 21:31:06,SYS,FORE,anomaly-driver,anomaly-driver,,73,11873,Y,ON CPU
2026-10-06 21:32:01,SYS,BACK,(W001),KTSJ,KTSJ Slave,237,64484,N,ON CPU
2026-10-06 21:32:51,SYS,FORE,(J003),SYS_AUTO_STS_MODULE,CAPTURE_CURSOR_CACHE,182,30129,N,ON CPU
2026-10-06 21:40:38,SHOP,FORE,(J000),PKG_CHAOS,dispatcher 2 idle,213,29324,N,ON CPU
2026-10-06 21:42:02,SYS,BACK,(W001),KTSJ,KTSJ Slave,83,28480,N,ON CPU
2026-10-06 21:47:51,SYS,BACK,(M008),MMON_SLAVE,AutoTask Dispatcher,41,16026,N,ON CPU
2026-10-06 21:47:55,SYS,FORE,(BG00),sys$bsg_timeout,AWR Raw Metrics Capture,178,29651,N,ON CPU
2026-10-06 21:59:50,SYS,BACK,(M008),MMON_SLAVE,Flush KSXM hash table action,41,16026,N,ON CPU
2026-10-06 22:00:19,SYS,FORE,(J000),DBMS_SCHEDULER,ORA$AT_SQ_SQL_SW_403,56,59957,N,ON CPU
2026-10-06 22:00:20,CHAOS_CTL,FORE,(TNS V1-V3),DBMS_SCHEDULER,ANOM_TRUTH_JOB,237,34966,N,ON CPU
2026-10-06 22:00:53,SYS,BACK,(M008),MMON_SLAVE,PDB Auto-Flush Slave Action,41,16026,N,db file sequential read
2026-10-06 22:00:54,SYS,BACK,(M008),MMON_SLAVE,PDB Auto-Flush Slave Action,41,16026,N,db file sequential read
2026-10-06 22:00:55,SYS,BACK,(M008),MMON_SLAVE,PDB Auto-Flush Slave Action,41,16026,N,log file switch (checkpoint incomplete)
2026-10-06 22:00:56,SYS,BACK,(M008),MMON_SLAVE,PDB Auto-Flush Slave Action,41,16026,N,db file sequential read
2026-10-06 22:00:57,SYS,BACK,(M008),MMON_SLAVE,PDB Auto-Flush Slave Action,41,16026,N,db file sequential read
2026-10-06 22:00:58,SYS,BACK,(M008),MMON_SLAVE,PDB Auto-Flush Slave Action,41,16026,N,db file sequential read
2026-10-06 22:00:59,SYS,BACK,(M001),MMON_SLAVE,Auto ADDM Slave Action,217,57380,N,db file sequential read
2026-10-06 22:01:00,SYS,BACK,(M001),MMON_SLAVE,Auto ADDM Slave Action,217,57380,N,db file scattered read
2026-10-06 22:01:01,SYS,BACK,(M001),MMON_SLAVE,Auto ADDM Slave Action,217,57380,N,db file sequential read
2026-10-06 22:02:53,SYS,FORE,(J000),SYS_AUTO_STS_MODULE,CAPTURE_CURSOR_CACHE,56,26941,N,ON CPU
2026-10-06 22:02:54,SYS,FORE,(J000),SYS_AUTO_STS_MODULE,CAPTURE_CURSOR_CACHE,56,26941,N,direct path write
2026-10-06 22:04:11,SYS,FORE,(J002),dbms_stats: gather table stats,"""SYS"".""X$KDIVECVINDEXCLIENTS""",179,22726,N,db file parallel read
2026-10-06 22:08:59,SYS,FORE,(BG00),sys$bsg_timeout,Vector Index timeout action5,178,29651,N,ON CPU
2026-10-06 22:14:51,SYS,BACK,(M009),MMON_SLAVE,Flush KSXM hash table action,66,32281,N,ON CPU
2026-10-06 22:16:48,ANOM_MON,FORE,(TNS V1-V3),DBMS_SCHEDULER,ANOM_COLLECT_JOB,177,16802,N,ON CPU
2026-10-06 22:17:55,SYS,FORE,(J000),SYS_AUTO_STS_MODULE,CAPTURE_CURSOR_CACHE,56,19149,N,ON CPU
2026-10-06 22:29:48,ANOM_MON,FORE,(TNS V1-V3),DBMS_SCHEDULER,ANOM_COLLECT_JOB,177,16802,N,ON CPU
2026-10-06 22:29:53,SYS,BACK,(M007),MMON_SLAVE,Flush KSXM hash table action,213,325,N,ON CPU
2026-10-06 22:32:56,SYS,FORE,(J000),DBMS_SCHEDULER,ORA$_ATSK_AUTOSTS,56,44625,N,ON CPU
2026-10-06 22:32:57,SYS,FORE,(J000),SYS_AUTO_STS_MODULE,CAPTURE_CURSOR_CACHE,56,44625,N,direct path write
2026-10-06 22:37:19,SHOP,FORE,(J001),PKG_CHAOS,dispatcher 1 idle,219,11948,N,ON CPU
2026-10-06 22:40:12,SYS,BACK,(CJQ0),sys$abs_timeout,Job Queue Timout,208,19894,N,ON CPU
2026-10-06 22:40:28,SYS,BACK,(CJQ0),sys$abs_timeout,Job Queue Timout,208,19894,N,ON CPU
2026-10-06 22:47:58,SYS,FORE,(J000),SYS_AUTO_STS_MODULE,CAPTURE_CURSOR_CACHE,56,49457,N,direct path write
2026-10-06 22:50:48,SYS,FORE,(BG00),sys$bsg_timeout,Vector Index Failed Refresh Recovery Task,20,10885,N,ON CPU
2026-10-06 22:54:03,SYS,BACK,(MZ00),MMON_SLAVE,Copy mappings to Pdbs execution,40,25647,N,ON CPU
2026-10-06 22:58:27,SHOP,FORE,(J001),PKG_CHAOS,dispatcher 1 idle,219,11948,N,ON CPU
2026-10-06 22:58:29,SHOP,FORE,(J001),PKG_CHAOS,dispatcher 1 idle,219,11948,N,ON CPU
2026-10-06 22:59:02,SHOP,FORE,(J003),PKG_CHAOS,dispatcher 2 idle,182,37463,N,ON CPU
2026-10-06 22:59:48,ANOM_MON,FORE,(TNS V1-V3),DBMS_SCHEDULER,ANOM_COLLECT_JOB,177,16802,Y,ON CPU
2026-10-06 22:59:55,SYS,BACK,(M002),MMON_SLAVE,Index usage tracking statistics flush,67,41888,N,ON CPU
2026-10-06 22:59:56,SYS,BACK,(M008),MMON_SLAVE,Flush KSXM hash table action,41,16026,N,ON CPU
2026-10-06 23:00:00,SYS,BACK,(CKPT),sys$abs_interrupt,Db Checkpt Request check,172,50434,N,ON CPU
2026-10-06 23:00:02,SHOP,FORE,(J002),PKG_CHAOS,dispatcher 1 idle,69,32670,N,db file sequential read
2026-10-06 23:00:48,ANOM_MON,FORE,(TNS V1-V3),DBMS_SCHEDULER,ANOM_COLLECT_JOB,81,55388,N,ON CPU
2026-10-06 23:00:59,SYS,BACK,(M002),MMON_SLAVE,PDB Auto-Flush Slave Action,67,41888,N,ON CPU
2026-10-06 23:01:00,SYS,BACK,(M002),MMON_SLAVE,PDB Auto-Flush Slave Action,67,41888,N,ON CPU
2026-10-06 23:01:01,SYS,BACK,(M002),MMON_SLAVE,PDB Auto-Flush Slave Action,67,41888,N,ON CPU
2026-10-06 23:01:02,SYS,BACK,(M007),MMON_SLAVE,Auto ADDM Slave Action,213,325,N,db file sequential read
2026-10-06 23:01:03,SYS,BACK,(M007),MMON_SLAVE,Auto ADDM Slave Action,213,325,N,db file sequential read
2026-10-06 23:01:04,SYS,BACK,(M007),MMON_SLAVE,Auto ADDM Slave Action,213,325,N,db file sequential read
2026-10-06 23:02:10,SYS,BACK,(W001),KTSJ,KTSJ Slave,241,28559,N,db file sequential read
2026-10-06 23:02:59,SYS,FORE,(J001),SYS_AUTO_STS_MODULE,CAPTURE_CURSOR_CACHE,236,59380,N,ON CPU
2026-10-06 23:13:56,SYS,FORE,(BG00),sys$bsg_timeout,Commit Tracking Infrastructure action,33,15492,N,ON CPU
2026-10-06 23:18:00,SYS,FORE,(J001),SYS_AUTO_STS_MODULE,CAPTURE_CURSOR_CACHE,236,23493,N,ON CPU
2026-10-06 23:21:26,SYS,BACK,(CJQ0),sys$abs_timeout,Job Queue Timout,208,19894,N,ON CPU
2026-10-06 23:26:48,ANOM_MON,FORE,(TNS V1-V3),DBMS_SCHEDULER,ANOM_COLLECT_JOB,81,55388,N,ON CPU
2026-10-06 23:29:58,SYS,BACK,(M003),MMON_SLAVE,Flush KSXM hash table action,86,38087,N,ON CPU
2026-10-06 23:33:01,SYS,BACK,(M001),MMON_SLAVE,AutoTask Dispatcher,217,57380,N,ON CPU
2026-10-06 23:33:02,SYS,FORE,(J001),SYS_AUTO_STS_MODULE,CAPTURE_CURSOR_CACHE,236,3839,N,direct path write
2026-10-06 23:34:01,SYS,BACK,(M008),MMON_SLAVE,AutoTask Dispatcher,41,16026,N,ON CPU
2026-10-06 23:43:45,SYS,BACK,(DBW0),sys$abs_timeout,DBWR write buffers,171,11566,N,ON CPU
2026-10-06 23:48:03,SYS,FORE,(J001),SYS_AUTO_STS_MODULE,CAPTURE_CURSOR_CACHE,236,49606,N,ON CPU
2026-10-06 23:58:48,ANOM_MON,FORE,(TNS V1-V3),DBMS_SCHEDULER,ANOM_COLLECT_JOB,81,55388,N,ON CPU
2026-10-07 00:00:04,SYS,BACK,(M002),MMON_SLAVE,Flush KSXM hash table action,67,41888,N,ON CPU
2026-10-07 00:00:04,SYS,BACK,(M003),MMON_SLAVE,PDB Auto-Flush Slave Action,86,38087,N,db file sequential read
2026-10-07 00:00:05,SYS,BACK,(M002),MMON_SLAVE,Flush KSXM hash table action,67,41888,N,db file sequential read
2026-10-07 00:00:05,SYS,BACK,(M003),MMON_SLAVE,PDB Auto-Flush Slave Action,86,38087,N,ON CPU
2026-10-07 00:00:06,SYS,BACK,(M002),MMON_SLAVE,Flush KSXM hash table action,67,41888,N,ON CPU
2026-10-07 00:00:06,SYS,BACK,(M003),MMON_SLAVE,PDB Auto-Flush Slave Action,86,38087,N,db file sequential read
2026-10-07 00:00:07,SYS,BACK,(M003),MMON_SLAVE,PDB Auto-Flush Slave Action,86,38087,N,ON CPU
2026-10-07 00:00:08,SYS,BACK,(M003),MMON_SLAVE,PDB Auto-Flush Slave Action,86,38087,N,db file sequential read
2026-10-07 00:00:09,SYS,BACK,(M003),MMON_SLAVE,PDB Auto-Flush Slave Action,86,38087,N,db file sequential read
2026-10-07 00:00:10,SYS,BACK,(M003),MMON_SLAVE,PDB Auto-Flush Slave Action,86,38087,N,db file sequential read
2026-10-07 00:00:11,SYS,BACK,(M003),MMON_SLAVE,PDB Auto-Flush Slave Action,86,38087,N,db file sequential read
2026-10-07 00:00:12,SYS,BACK,(M008),MMON_SLAVE,Auto ADDM Slave Action,41,16026,N,db file sequential read
2026-10-07 00:00:13,SYS,BACK,(M008),MMON_SLAVE,Auto ADDM Slave Action,41,16026,N,db file sequential read
2026-10-07 00:00:40,SHOP,FORE,(J001),PKG_CHAOS,dispatcher 2 idle,236,53873,N,ON CPU
2026-10-07 00:02:15,SYS,BACK,(W000),KTSJ,KTSJ Slave,43,47103,N,db file sequential read
2026-10-07 00:03:04,SYS,FORE,(J002),SYS_AUTO_STS_MODULE,CAPTURE_CURSOR_CACHE,81,20914,N,ON CPU
2026-10-07 00:03:19,SHOP,FORE,(J003),PKG_CHAOS,dispatcher 1 idle,219,60078,N,ON CPU
2026-10-07 00:03:23,SHOP,FORE,(J003),PKG_CHAOS,dispatcher 1 idle,219,60078,N,ON CPU
2026-10-07 00:07:35,SYS,FORE,(BG00),sys$bsg_timeout,Vector Index timeout action2,178,29651,N,ON CPU
2026-10-07 00:11:48,ANOM_MON,FORE,(TNS V1-V3),DBMS_SCHEDULER,ANOM_COLLECT_JOB,241,15225,N,ON CPU
2026-10-07 00:17:08,SHOP,FORE,(J001),PKG_CHAOS,dispatcher 2 idle,236,53873,N,ON CPU
2026-10-07 00:17:35,SHOP,FORE,(J003),PKG_CHAOS,dispatcher 1 idle,219,60078,N,ON CPU
2026-10-07 00:18:05,SYS,BACK,(M008),MMON_SLAVE,AutoTask Dispatcher,41,16026,N,resmgr:cpu quantum
2026-10-07 00:18:05,SHOP,FORE,(J003),PKG_CHAOS,dispatcher 1 idle,219,60078,N,resmgr:cpu quantum
2026-10-07 00:18:06,SYS,FORE,(J000),SYS_AUTO_STS_MODULE,CAPTURE_CURSOR_CACHE,83,44519,N,ON CPU
2026-10-07 00:21:48,ANOM_MON,FORE,(TNS V1-V3),DBMS_SCHEDULER,ANOM_COLLECT_JOB,241,15225,N,ON CPU
