PER,MI,N,P95_AVG_MS,P95_MAX_MS,APP_TPS_AVG
TRAIN,0,72,63.2,388,41.6
TRAIN,1,72,27.8,115,43.6
TRAIN,2,72,22.4,71,43.6
TRAIN,3,72,19.4,69,44
TRAIN,4,72,18.8,53,43.9
TRAIN,5,72,22.3,75,43.7
TRAIN,6,72,19.1,59,44
TRAIN,7,72,18.6,80,43.5
TRAIN,8,72,19,108,43.6
TRAIN,9,72,18.1,63,43.6
TRAIN,10,72,22.9,77,43.8
TRAIN,11,72,17.7,82,43.8
TRAIN,12,72,18.4,63,43.8
TRAIN,13,72,17.1,65,43.9
TRAIN,14,72,15.8,48,43.7
TRAIN,15,72,30.2,97,43.5
TRAIN,16,72,26.6,121,43.1
TRAIN,17,72,72.8,141,41
TRAIN,18,72,20.5,61,43.7
TRAIN,19,72,18,42,43.9
TRAIN,20,72,28.6,78,43.2
TRAIN,21,72,21.4,71,43.9
TRAIN,22,72,20.1,81,43.8
TRAIN,23,72,19.8,73,43.8
TRAIN,24,72,20.7,73,43.6
TRAIN,25,72,24.5,128,43.4
TRAIN,26,72,21.1,87,43.8
TRAIN,27,72,19.6,57,43.8
TRAIN,28,72,21,64,43.5
TRAIN,29,72,16.8,50,43.9
TRAIN,30,72,27.3,72,43
TRAIN,31,72,18.6,60,43.8
TRAIN,32,72,17.4,50,44.1
TRAIN,33,72,17.1,48,43.8
TRAIN,34,72,16.4,57,43.8
TRAIN,35,72,20.3,86,44.1
TRAIN,36,72,17.9,62,43.7
TRAIN,37,72,16.1,56,43.8
TRAIN,38,72,16.5,66,43.8
TRAIN,39,72,16.6,44,44
TRAIN,40,72,22,71,43.4
TRAIN,41,72,17.6,55,43.6
TRAIN,42,72,16.4,49,44.2
TRAIN,43,72,15.8,42,44.1
TRAIN,44,72,15.7,44,44
TRAIN,45,72,25.3,92,43.5
TRAIN,46,72,22,55,43.8
TRAIN,47,72,17.7,51,43.9
TRAIN,48,72,17.1,68,44.3
TRAIN,49,72,14.8,45,44
TRAIN,50,72,19.6,67,43.8
TRAIN,51,72,16.4,44,44.3
TRAIN,52,72,15.8,33,44.2
TRAIN,53,72,16.2,56,43.9
TRAIN,54,72,16,41,43.9
TRAIN,55,72,19.6,57,43.7
TRAIN,56,72,18.4,66,44
TRAIN,57,72,17,60,44
TRAIN,58,72,18,84,43.8
TRAIN,59,72,16.5,84,43.9
TEST,0,5,43.6,51,45.4
TEST,1,6,26.6,34,45.6
TEST,2,8,20,28,39
TEST,3,8,16.4,19,39.6
TEST,4,8,15.9,20,39.1
TEST,5,9,20.2,26,39.6
TEST,6,9,17.5,24,39.5
TEST,7,9,16,20,39.4
TEST,8,8,16.4,21,42.7
TEST,9,7,15.9,19,38.1
TEST,10,7,19.9,23,36.9
TEST,11,8,16.2,21,38.8
TEST,12,8,16.7,22,39.3
TEST,13,9,15.5,19,43.1
TEST,14,9,15.3,18,43.3
TEST,15,9,29.2,38,42.4
TEST,16,8,22,32,42.1
TEST,17,8,93.7,138,40.8
TEST,18,8,31.1,44,43.9
TEST,19,8,25.3,32,42.5
TEST,20,7,36.2,46,37.9
TEST,21,8,29.8,41,39.2
TEST,22,8,27.7,38,39.4
TEST,23,8,26.8,35,39.3
TEST,24,8,28,39,40.1
TEST,25,8,35.1,56,38.6
TEST,26,8,27.9,41,39.5
TEST,27,8,25.5,36,36.9
TEST,28,8,26.4,44,38
TEST,29,7,20.6,32,36.8
TEST,30,8,27.8,36,39.8
TEST,31,8,20.4,28,41.9
TEST,32,8,19.1,26,41.5
TEST,33,7,18.2,25,44.6
TEST,34,7,18.5,26,45
TEST,35,7,22.2,32,44
TEST,36,7,20.2,27,45.1
TEST,37,7,19.1,25,44.9
TEST,38,7,18.1,23,45.8
TEST,39,7,20,26,44.7
TEST,40,7,24.7,33,44.5
TEST,41,8,19.7,25,45.5
TEST,42,9,18.8,23,41.8
TEST,43,8,16.6,20,42.1
TEST,44,9,17.6,24,42.3
TEST,45,9,28.7,37,42.7
TEST,46,9,21.7,31,42.9
TEST,47,8,20.4,29,40.5
TEST,48,8,19.1,28,39.5
TEST,49,8,16.4,22,41.3
TEST,50,8,21.1,29,40.2
TEST,51,9,17.4,21,40.7
TEST,52,9,18.7,28,41.2
TEST,53,8,18,24,39.7
TEST,54,7,16.8,20,39.4
TEST,55,7,19.2,22,39.7
TEST,56,7,17.7,23,46.5
TEST,57,6,19.5,32,51.5
TEST,58,5,19,21,47.5
TEST,59,5,16,17,46.8
