DAY,HH,MAX_SCORE,FLAGGED_MINUTES,RUNS_OR_COOLDOWN
DEV,2026-10-05 00:00:00,0,0,
DEV,2026-10-05 01:00:00,1,16,81 hard_parse_storm HIGH
DEV,2026-10-05 02:00:00,0.75,2,101 logon_storm HIGH
DEV,2026-10-05 03:00:00,0,0,101 logon_storm HIGH
DEV,2026-10-05 04:00:00,1,11,102 io_storm LOW
DEV,2026-10-05 05:00:00,0.17,0,
DEV,2026-10-05 06:00:00,1,16,103 slow_drift HIGH
DEV,2026-10-05 07:00:00,1,16,103 slow_drift HIGH
DEV,2026-10-05 08:00:00,1,16,103 slow_drift HIGH
DEV,2026-10-05 09:00:00,0,0,103 slow_drift HIGH
DEV,2026-10-05 10:00:00,0,0,104 batch_wrong_time HIGH
DEV,2026-10-05 11:00:00,0,0,105 commit_storm LOW
DEV,2026-10-05 12:00:00,0.17,0,106 conn_leak HIGH
DEV,2026-10-05 13:00:00,0.17,0,106 conn_leak HIGH
DEV,2026-10-05 14:00:00,1,7,107 cpu_hog LOW
DEV,2026-10-05 15:00:00,1,8,108 blocking_chain LOW
DEV,2026-10-05 16:00:00,0,0,
DEV,2026-10-05 17:00:00,1,7,109 temp_spill HIGH
DEV,2026-10-05 18:00:00,1,13,110 app_error_burst HIGH
DEV,2026-10-05 19:00:00,0.33,0,
DEV,2026-10-05 20:00:00,0,0,111 plan_regression HIGH
DEV,2026-10-05 21:00:00,0.17,0,112 blocking_chain HIGH
DEV,2026-10-05 22:00:00,1,12,113 app_error_burst HIGH
DEV,2026-10-05 23:00:00,0.17,0,
DEV,2026-10-06 00:00:00,0,0,
TEST,2026-10-06 01:00:00,1,16,114 io_storm HIGH
TEST,2026-10-06 02:00:00,0,0,
TEST,2026-10-06 03:00:00,0,0,115 cpu_hog HIGH
TEST,2026-10-06 04:00:00,1,16,116 temp_spill LOW
TEST,2026-10-06 05:00:00,0.17,0,
TEST,2026-10-06 06:00:00,1,13,117 plan_regression LOW
TEST,2026-10-06 07:00:00,1,5,118 hard_parse_storm LOW
TEST,2026-10-06 08:00:00,0,0,
TEST,2026-10-06 09:00:00,1,12,121 blocking_chain HIGH
TEST,2026-10-06 10:00:00,0.75,8,
TEST,2026-10-06 11:00:00,0.33,0,122 conn_leak LOW
TEST,2026-10-06 12:00:00,0.17,0,123 app_error_burst LOW
TEST,2026-10-06 13:00:00,1,9,124 batch_wrong_time LOW
TEST,2026-10-06 14:00:00,0.75,7,
TEST,2026-10-06 15:00:00,0.17,0,125 logon_storm LOW
TEST,2026-10-06 16:00:00,0.33,0,126 slow_drift LOW
TEST,2026-10-06 17:00:00,1,11,126 slow_drift LOW
TEST,2026-10-06 18:00:00,1,16,126 slow_drift LOW
TEST,2026-10-06 19:00:00,0.5,1,126 slow_drift LOW
TEST,2026-10-06 20:00:00,1,8,127 commit_storm HIGH
TEST,2026-10-06 21:00:00,0.75,3,
TEST,2026-10-06 22:00:00,0.17,0,128 conn_leak HIGH
TEST,2026-10-06 23:00:00,1,16,129 conn_leak HIGH
TEST,2026-10-07 00:00:00,0.17,0,
