D,MINUTE_MOD_15,N,EXCESS_LOGONS_PER_MIN
2026-10-02 00:00:00,0,72,0.04
2026-10-02 00:00:00,1,72,0.05
2026-10-02 00:00:00,2,96,0
2026-10-02 00:00:00,3,96,0
2026-10-02 00:00:00,4,72,0
2026-10-02 00:00:00,5,96,0.01
2026-10-02 00:00:00,6,72,0.03
2026-10-02 00:00:00,7,72,0.84
2026-10-02 00:00:00,8,96,1.39
2026-10-02 00:00:00,9,96,0.7
2026-10-02 00:00:00,10,96,0.11
2026-10-02 00:00:00,11,96,0.02
2026-10-02 00:00:00,12,96,0.04
2026-10-02 00:00:00,13,96,0.08
2026-10-02 00:00:00,14,72,0.17
2026-10-03 00:00:00,0,72,0
2026-10-03 00:00:00,1,72,0.06
2026-10-03 00:00:00,2,96,0
2026-10-03 00:00:00,3,96,0
2026-10-03 00:00:00,4,72,0
2026-10-03 00:00:00,5,96,0
2026-10-03 00:00:00,6,72,0.08
2026-10-03 00:00:00,7,72,0
2026-10-03 00:00:00,8,96,0
2026-10-03 00:00:00,9,96,0.81
2026-10-03 00:00:00,10,96,1.1
2026-10-03 00:00:00,11,96,0.9
2026-10-03 00:00:00,12,96,0.24
2026-10-03 00:00:00,13,96,0
2026-10-03 00:00:00,14,72,0.01
2026-10-04 00:00:00,0,72,0
2026-10-04 00:00:00,1,72,0.05
2026-10-04 00:00:00,2,96,0
2026-10-04 00:00:00,3,96,0
2026-10-04 00:00:00,4,72,0
2026-10-04 00:00:00,5,96,0
2026-10-04 00:00:00,6,72,0.03
2026-10-04 00:00:00,7,72,0.06
2026-10-04 00:00:00,8,96,0.04
2026-10-04 00:00:00,9,96,0.02
2026-10-04 00:00:00,10,96,0
2026-10-04 00:00:00,11,96,0.52
2026-10-04 00:00:00,12,96,1.33
2026-10-04 00:00:00,13,96,0.96
2026-10-04 00:00:00,14,72,0.22
2026-10-05 00:00:00,0,25,0.88
2026-10-05 00:00:00,1,25,0.24
2026-10-05 00:00:00,2,33,0
2026-10-05 00:00:00,3,34,0
2026-10-05 00:00:00,4,26,0
2026-10-05 00:00:00,5,36,0
2026-10-05 00:00:00,6,26,0.11
2026-10-05 00:00:00,7,27,0
2026-10-05 00:00:00,8,38,0
2026-10-05 00:00:00,9,38,0.05
2026-10-05 00:00:00,10,38,0
2026-10-05 00:00:00,11,34,0.03
2026-10-05 00:00:00,12,35,0
2026-10-05 00:00:00,13,34,0.65
2026-10-05 00:00:00,14,24,1.17
2026-10-06 00:00:00,0,25,0.8
2026-10-06 00:00:00,1,24,1.33
2026-10-06 00:00:00,2,31,0.81
2026-10-06 00:00:00,3,31,0.16
2026-10-06 00:00:00,4,24,0
2026-10-06 00:00:00,5,33,0
2026-10-06 00:00:00,6,25,0
2026-10-06 00:00:00,7,24,0
2026-10-06 00:00:00,8,29,0
2026-10-06 00:00:00,9,29,0.07
2026-10-06 00:00:00,10,31,0
2026-10-06 00:00:00,11,31,0
2026-10-06 00:00:00,12,30,0
2026-10-06 00:00:00,13,30,0
2026-10-06 00:00:00,14,26,0.04
2026-10-07 00:00:00,0,1,0.01
2026-10-07 00:00:00,1,1,0.01
2026-10-07 00:00:00,2,2,1.99
2026-10-07 00:00:00,3,2,1
2026-10-07 00:00:00,4,1,-0.01
2026-10-07 00:00:00,5,2,0
2026-10-07 00:00:00,6,1,0
2026-10-07 00:00:00,7,1,-0.01
2026-10-07 00:00:00,8,2,0
2026-10-07 00:00:00,9,2,0.01
2026-10-07 00:00:00,10,2,-0.01
2026-10-07 00:00:00,11,2,0.01
2026-10-07 00:00:00,12,1,-0.01
2026-10-07 00:00:00,13,1,0
2026-10-07 00:00:00,14,1,0
