OPENING,BEGIN_TIME,LOGONS_PER_MIN,SESSIONS,SQL_RT,W_USERIO,AAS,PIO,MSET_FLAG,MSET_SCORE
2026-10-06 10:19:31.000,2026-10-06 10:15:30,1,11,0.0815,0.53,0.2,52.7,0,0
2026-10-06 10:19:31.000,2026-10-06 10:16:30,2.97,11,0.1813,14.02,0.455,57.3,0,0.167
2026-10-06 10:19:31.000,2026-10-06 10:17:30,2.01,11,0.1283,13.14,0.329,58.8,0,0.167
2026-10-06 10:19:31.000,2026-10-06 10:18:30,1,11,0.1119,11.63,0.273,61.9,0,0.333
2026-10-06 10:19:31.000,2026-10-06 10:19:31,2.01,11,0.1043,9.19,0.279,55.4,1,0.5
2026-10-06 10:19:31.000,2026-10-06 10:20:31,0.99,11,0.1097,10.74,0.268,62.3,1,0.75
2026-10-06 10:19:31.000,2026-10-06 10:21:30,3.04,11,0.0953,8,0.238,56.2,1,0.5
2026-10-06 10:19:31.000,2026-10-06 10:22:30,1.99,11,0.0866,7.04,0.22,55.6,1,0.75
2026-10-06 10:19:31.000,2026-10-06 10:23:30,1,11,0.0913,7.49,0.234,60.6,1,0.75
2026-10-06 10:19:31.000,2026-10-06 10:24:30,1,11,0.1257,10.78,0.319,56,1,0.75
2026-10-06 10:19:31.000,2026-10-06 10:25:30,0.99,11,0.0936,7.51,0.231,54.7,1,0.5
2026-10-06 10:19:31.000,2026-10-06 10:26:30,1.02,11,0.0814,5.93,0.195,53.9,1,0.5
2026-10-06 10:19:31.000,2026-10-06 10:27:29,0.98,11,0.0913,6.75,0.224,61.4,0,0.333
2026-10-06 10:19:31.000,2026-10-06 10:28:30,1.02,11,0.0872,6.05,0.216,62.5,0,0.167
2026-10-06 10:19:31.000,2026-10-06 10:29:30,1,11,0.0884,6.03,0.224,52,0,0.167
2026-10-06 10:19:31.000,2026-10-06 10:30:30,0.99,11,0.083,5.94,0.214,63.6,0,0.167
2026-10-06 10:19:31.000,2026-10-06 10:31:30,2.99,11,0.0771,3.94,0.203,59.4,0,0.167
2026-10-06 14:21:30.000,2026-10-06 14:16:30,3,11,0.1629,12.14,0.401,146.2,0,0.333
2026-10-06 14:21:30.000,2026-10-06 14:17:30,1.99,11,0.1419,16.82,0.357,79.3,0,0.333
2026-10-06 14:21:30.000,2026-10-06 14:18:30,0.99,11,0.1016,10.4,0.256,69.7,0,0.333
2026-10-06 14:21:30.000,2026-10-06 14:19:30,2,11,0.1305,13.76,0.318,73.3,0,0.333
2026-10-06 14:21:30.000,2026-10-06 14:20:31,1,11,0.1096,11.42,0.266,69.7,0,0.333
2026-10-06 14:21:30.000,2026-10-06 14:21:30,3.01,11,0.1131,11.04,0.286,68.3,1,0.5
2026-10-06 14:21:30.000,2026-10-06 14:22:31,1.98,11,0.0957,8.06,0.245,62.3,1,0.5
2026-10-06 14:21:30.000,2026-10-06 14:23:31,1.01,11,0.1085,10.25,0.28,67,1,0.5
2026-10-06 14:21:30.000,2026-10-06 14:24:30,1,11,0.1355,11.49,0.327,59.3,0,0.333
2026-10-06 14:21:30.000,2026-10-06 14:25:31,1,11,0.1084,8.6,0.279,53.5,1,0.5
2026-10-06 14:21:30.000,2026-10-06 14:26:30,1.01,11,0.0932,6.45,0.216,53,0,0.333
2026-10-06 14:21:30.000,2026-10-06 14:27:30,0.99,11,0.1019,8.05,0.258,64.2,1,0.5
2026-10-06 14:21:30.000,2026-10-06 14:28:31,1,11,0.0933,6.45,0.238,61.7,1,0.5
2026-10-06 14:21:30.000,2026-10-06 14:29:30,1.01,11,0.1037,5.8,0.251,49.6,1,0.75
2026-10-06 14:21:30.000,2026-10-06 14:30:30,0.99,11,0.0743,4.09,0.182,59.1,1,0.5
2026-10-06 14:21:30.000,2026-10-06 14:31:30,2.99,11,0.0742,3.59,0.194,60.8,1,0.5
2026-10-06 14:21:30.000,2026-10-06 14:32:31,2.01,11,0.0657,2.77,0.157,56.4,0,0.333
2026-10-06 14:21:30.000,2026-10-06 14:33:30,1,11,0.0664,2.69,0.164,59.9,0,0.167
2026-10-06 21:19:30.000,2026-10-06 21:14:31,1,11,0.0647,0.46,0.14,61,0,0
2026-10-06 21:19:30.000,2026-10-06 21:15:30,1,11,0.0562,0.41,0.119,57.2,0,0
2026-10-06 21:19:30.000,2026-10-06 21:16:30,1.01,11,0.1527,9.8,0.301,57.3,0,0.167
2026-10-06 21:19:30.000,2026-10-06 21:17:30,2.99,11,0.1178,12.03,0.263,63.9,0,0.333
2026-10-06 21:19:30.000,2026-10-06 21:18:30,2,11,0.0947,8.42,0.201,62.6,0,0.333
2026-10-06 21:19:30.000,2026-10-06 21:19:30,2.01,11,0.1185,9.6,0.252,56.6,1,0.5
2026-10-06 21:19:30.000,2026-10-06 21:20:30,0.99,11,0.1162,9.18,0.233,52.4,1,0.75
2026-10-06 21:19:30.000,2026-10-06 21:21:30,3.98,11,0.0992,8.17,0.195,54.2,1,0.5
2026-10-06 21:19:30.000,2026-10-06 21:22:31,2.02,11,0.1004,8.41,0.209,62.8,0,0.333
2026-10-06 21:19:30.000,2026-10-06 21:23:30,0.99,11,0.1061,8.62,0.223,54.8,0,0.333
2026-10-06 21:19:30.000,2026-10-06 21:24:31,1.02,11,0.1016,8.18,0.224,55.8,0,0.167
2026-10-06 21:19:30.000,2026-10-06 21:25:29,1,11,0.1,7.75,0.203,64,0,0
2026-10-06 21:19:30.000,2026-10-06 21:26:30,0.99,11,0.0865,5.75,0.179,53.1,0,0
2026-10-06 21:19:30.000,2026-10-06 21:27:31,1,11,0.089,5.39,0.186,57.6,0,0
2026-10-06 21:19:30.000,2026-10-06 21:28:31,1,11,0.0789,4.37,0.146,47.8,0,0
2026-10-06 21:19:30.000,2026-10-06 21:29:30,1.02,11,0.0974,6.92,0.19,55.5,0,0
2026-10-06 21:19:30.000,2026-10-06 21:30:30,40.92,51,0.0894,4.76,0.196,59.1,0,0.167
2026-10-06 21:19:30.000,2026-10-06 21:31:29,1,51,0.0918,4.97,0.171,57,0,0.333
