TS,FLAG,SCORE,FIRST_DETAILS
2026-10-06 10:25:30,1,0.5,LOGONS .6
2026-10-06 10:26:30,1,0.5,LOGONS .6
2026-10-06 10:27:29,0,0.333,
2026-10-06 10:28:30,0,0.167,
2026-10-06 10:29:30,0,0.167,
2026-10-06 10:30:30,0,0.167,
2026-10-06 10:31:30,0,0.167,
2026-10-06 10:32:31,0,0.333,
2026-10-06 10:33:31,0,0.333,
2026-10-06 10:34:30,1,0.5,"SESSIONS .6, PWRITES .2, LOGONS .2"
2026-10-06 10:35:30,1,0.75,"SESSIONS .8, PWRITES .2, LOGONS .2"
2026-10-06 10:36:29,1,1,"SESSIONS 1, PWRITES .2, LOGONS .2"
2026-10-06 10:37:30,1,1,"SESSIONS 1, PWRITES .2"
2026-10-06 10:38:30,1,1,"SESSIONS 1, PWRITES .4"
2026-10-06 10:39:30,1,1,"SESSIONS 1, PWRITES .2"
2026-10-06 10:40:29,1,1,"SESSIONS 1, PWRITES .2"
2026-10-06 10:41:30,1,1,"SESSIONS 1, PWRITES .2"
2026-10-06 10:42:30,1,1,"SESSIONS 1, PWRITES .2"
2026-10-06 10:43:30,1,1,"SESSIONS 1, REDO .2, PWRITES .2"
2026-10-06 10:44:30,1,1,"SESSIONS 1, REDO .2, PWRITES .2"
2026-10-06 10:45:31,1,1,"SESSIONS 1, REDO .2, PWRITES .2"
2026-10-06 10:46:31,1,1,"SESSIONS 1, REDO .2, PWRITES .2"
2026-10-06 10:47:29,1,1,"SESSIONS 1, REDO .2, PWRITES .2"
2026-10-06 10:48:30,1,1,"SESSIONS 1, PWRITES .2"
2026-10-06 10:49:31,1,0.75,"SESSIONS .8, PWRITES .2"
2026-10-06 10:50:30,1,0.5,"SESSIONS .6, PWRITES .2"
2026-10-06 10:51:30,0,0.333,
2026-10-06 10:52:30,0,0.167,
2026-10-06 10:53:30,0,0,
2026-10-06 10:54:30,0,0,
2026-10-06 10:55:30,0,0,
2026-10-06 10:56:30,0,0,
2026-10-06 10:57:30,0,0.167,
2026-10-06 10:58:30,0,0.167,
2026-10-06 10:59:31,0,0.167,
2026-10-06 11:00:30,0,0.167,
