PER,MI,N,LOGONS_PER_MIN,SHARE_GE_2,SESSIONS,AAS,SQL_RT,PIO,W_USERIO
TRAIN,0,72,2.11,1,10.99,0.296,0.0777,134.1,7.39
TRAIN,1,72,1,0,10.99,0.223,0.06,82.4,2.27
TRAIN,2,72,1,0,10.99,0.214,0.0571,32.1,1.58
TRAIN,3,72,1,0,10.93,0.172,0.0563,34.5,1.43
TRAIN,4,72,1,0,10.93,0.161,0.0616,24.3,1.37
TRAIN,5,72,1,0,10.93,0.151,0.0569,23.2,1.15
TRAIN,6,72,1.14,0.11,10.96,0.174,0.0538,39.6,1.91
TRAIN,7,72,1.33,0.17,10.99,0.216,0.0547,100.5,2.19
TRAIN,8,72,1.53,0.33,10.99,0.235,0.0535,65.5,1.75
TRAIN,9,72,1.59,0.36,10.96,0.21,0.0575,45.6,1.23
TRAIN,10,72,1.39,0.28,10.93,0.164,0.054,26.8,0.79
TRAIN,11,72,1.46,0.28,10.93,0.148,0.0553,20.6,0.7
TRAIN,12,72,1.52,0.33,10.93,0.144,0.0538,18.7,0.65
TRAIN,13,72,1.32,0.25,10.93,0.14,0.0529,17,0.54
TRAIN,14,72,1.11,0.11,10.93,0.164,0.0622,16.3,0.63
TRAIN,15,72,1,0,10.93,0.167,0.0632,13.9,0.64
TRAIN,16,72,1.17,0.17,10.93,0.283,0.1181,12.6,2.38
TRAIN,17,72,1,0,10.93,0.18,0.0686,12.1,2.14
TRAIN,18,72,1,0,10.93,0.161,0.0612,11.8,1.9
TRAIN,19,72,2,1,10.93,0.192,0.073,11,2.16
TRAIN,20,72,1.01,0.01,10.93,0.171,0.0651,10.6,1.82
TRAIN,21,72,3.54,1,10.93,0.163,0.0615,10.3,1.67
TRAIN,22,72,2.29,0.96,10.93,0.164,0.0619,11.1,1.59
TRAIN,23,72,1.47,0.31,10.93,0.165,0.0633,9.5,1.64
TRAIN,24,72,1.5,0.33,10.94,0.177,0.0685,9.1,1.68
TRAIN,25,72,1.4,0.29,10.92,0.162,0.0616,10.4,1.48
TRAIN,26,72,1.46,0.29,10.92,0.156,0.0591,8.9,1.35
TRAIN,27,72,1.58,0.36,10.92,0.161,0.0605,9.1,1.32
TRAIN,28,72,1.43,0.26,10.92,0.152,0.0574,8.5,1.15
TRAIN,29,72,1.22,0.08,10.93,0.175,0.0673,8,1.32
TRAIN,30,72,1.04,0.01,10.93,0.153,0.0585,8,1.12
TRAIN,31,72,1,0,10.93,0.144,0.055,8,1.01
TRAIN,32,72,1,0,10.93,0.145,0.055,8,1.01
TRAIN,33,72,1,0,10.93,0.143,0.0543,7.9,0.96
TRAIN,34,72,1,0,10.93,0.152,0.0571,7.6,0.94
TRAIN,35,72,1,0,10.93,0.144,0.055,7.6,0.88
TRAIN,36,72,1,0,10.93,0.141,0.0537,7.5,0.82
TRAIN,37,72,1.28,0.14,10.93,0.143,0.0539,7.3,0.81
TRAIN,38,72,1.47,0.31,10.93,0.146,0.0545,7.1,0.76
TRAIN,39,72,1.47,0.32,10.93,0.158,0.0597,6.9,0.82
TRAIN,40,72,1.41,0.28,10.93,0.145,0.0551,7.1,0.74
TRAIN,41,72,1.46,0.29,10.93,0.14,0.053,7,0.67
TRAIN,42,72,1.53,0.35,10.94,0.141,0.0519,7.2,0.65
TRAIN,43,72,1.32,0.25,10.93,0.138,0.0518,7,0.6
TRAIN,44,72,1.07,0.07,10.93,0.159,0.0605,6.7,0.71
TRAIN,45,72,1,0,10.93,0.156,0.0594,6.7,0.71
TRAIN,46,72,1,0,10.93,0.146,0.0552,6.7,0.63
TRAIN,47,72,1,0,10.93,0.143,0.0535,6.8,0.57
TRAIN,48,72,1,0,10.93,0.134,0.0505,6.7,0.49
TRAIN,49,72,1,0,10.93,0.148,0.0557,6.6,0.52
TRAIN,50,72,1,0,10.93,0.138,0.0519,6.7,0.47
TRAIN,51,72,1,0,10.93,0.136,0.0513,6.5,0.44
TRAIN,52,72,1.28,0.14,10.94,0.139,0.0521,6.5,0.46
TRAIN,53,72,1.45,0.29,10.93,0.138,0.0517,6.3,0.44
TRAIN,54,72,1.49,0.32,10.93,0.149,0.0554,6.7,0.57
TRAIN,55,72,1.42,0.29,10.93,0.144,0.0527,7.6,0.52
TRAIN,56,72,1.54,0.35,10.94,0.145,0.0537,7.6,0.53
TRAIN,57,72,1.53,0.35,10.93,0.146,0.054,8.3,0.92
TRAIN,58,72,1.29,0.24,10.92,0.141,0.0528,10.8,0.67
TRAIN,59,72,4.31,1,10.04,0.346,0.1195,67.7,5.55
DEV,0,9,2.88,1,10.78,0.177,0.0728,70.4,2.61
DEV,1,9,1.22,0.22,10.78,0.142,0.0534,76.8,0.77
DEV,2,9,1,0,10.78,0.144,0.0538,72.9,0.73
DEV,3,10,1,0,10.7,0.133,0.053,65.2,0.67
DEV,4,9,1,0,10.67,0.131,0.0556,56.7,0.67
DEV,5,9,1,0,10.67,0.126,0.0533,52.9,0.63
DEV,6,9,1.11,0.11,10.67,0.124,0.0544,48.7,0.63
DEV,7,9,1.01,0,10.67,0.122,0.0526,42.4,0.55
DEV,8,9,1,0,10.67,0.125,0.0529,42.2,0.54
DEV,9,9,1.22,0.11,10.78,0.241,0.0519,136.4,2.57
DEV,10,9,1,0,10.67,0.232,0.0483,72.3,0.76
DEV,11,8,1,0,10.75,0.124,0.05,51.7,0.66
DEV,12,8,1,0,10.75,0.126,0.0501,55.2,0.5
DEV,13,8,1.51,0.25,10.75,0.128,0.0506,52.5,0.48
DEV,14,8,2.24,0.75,10.88,0.154,0.0597,48.6,0.58
DEV,15,9,1.89,0.67,10.78,0.134,0.0584,44.2,0.57
DEV,16,9,1.22,0.22,10.78,0.263,0.1346,38.4,5.3
DEV,17,9,0.99,0,10.78,0.193,0.0903,40.1,6.46
DEV,18,9,1.01,0,10.78,0.179,0.083,36.2,5.61
DEV,19,9,2,1,10.78,0.203,0.0948,34.8,6.27
DEV,20,10,1,0,10.8,0.179,0.0826,35.1,5.22
DEV,21,10,3.49,1,10.8,0.171,0.0803,32.6,5.03
DEV,22,10,2.1,1,10.8,0.179,0.0771,37.1,4.71
DEV,23,10,1,0,10.8,0.184,0.0784,33.9,4.83
DEV,24,10,1,0,10.8,0.183,0.0768,34.3,4.73
DEV,25,9,1.01,0,10.78,0.167,0.0742,34.5,4.23
DEV,26,8,1,0,10.75,0.163,0.0731,35.5,3.94
DEV,27,9,1,0,10.89,0.16,0.0694,33.5,3.53
DEV,28,8,1.75,0.38,10.88,0.148,0.0665,32.1,3.03
DEV,29,8,2.12,0.75,10.88,0.169,0.078,38.2,3.57
DEV,30,8,1.87,0.63,10.88,0.151,0.0665,31.2,3.11
DEV,31,8,1.25,0.25,10.88,0.149,0.0669,31.7,2.99
DEV,32,8,1,0,10.88,0.14,0.0661,30.5,2.68
DEV,33,8,1,0,10.88,0.138,0.0647,31,2.57
DEV,34,8,1,0,10.88,0.141,0.0649,30.2,2.4
DEV,35,8,1,0,10.88,0.135,0.0637,30.5,2.29
DEV,36,9,1,0,10.89,0.134,0.0615,30.9,2.1
DEV,37,10,1,0,10.8,0.131,0.0606,30.8,2.07
DEV,38,10,1,0,10.8,0.135,0.0625,31.1,2.02
DEV,39,10,1,0,10.8,0.151,0.0689,29.2,2.13
DEV,40,10,1,0,10.8,0.137,0.0633,29.8,1.86
DEV,41,9,1,0,10.78,0.122,0.0603,29.2,1.61
DEV,42,9,1,0,10.78,0.12,0.0593,29.9,1.5
DEV,43,9,1.44,0.22,10.78,0.124,0.062,28.9,1.54
DEV,44,8,2.01,0.63,10.75,0.131,0.0718,25.8,1.94
DEV,45,8,2.12,0.75,10.75,0.125,0.0685,26.2,1.88
DEV,46,8,1.37,0.38,10.75,0.117,0.0633,25.9,1.59
DEV,47,7,1,0,10.71,0.105,0.0604,24.2,1.39
DEV,48,7,1,0,10.71,0.101,0.0576,24.6,1.22
DEV,49,9,1,0,10.78,0.123,0.0587,31.6,1.14
DEV,50,9,1,0,10.78,0.113,0.0553,30.5,1.02
DEV,51,8,0.99,0,10.75,0.107,0.0553,28.1,0.96
DEV,52,8,1,0,10.75,0.109,0.0538,30.1,0.93
DEV,53,9,1,0,10.78,0.109,0.0536,28,0.82
DEV,54,9,1,0,10.78,0.112,0.0557,28.2,0.88
DEV,55,10,1,0,10.8,0.113,0.0529,30.3,0.7
DEV,56,9,1.11,0.11,10.78,0.113,0.053,30.8,0.73
DEV,57,9,1.01,0,10.78,0.115,0.0538,30.3,0.69
DEV,58,9,1.67,0.33,10.78,0.121,0.0558,37,1.03
DEV,59,8,5.26,1,9.75,0.244,0.1002,50.4,4.4
TEST,0,6,2.33,1,11,0.192,0.0711,100.5,2.51
TEST,1,8,2.25,0.75,10.88,0.16,0.0658,108.5,1.45
TEST,2,8,2,0.75,10.88,0.136,0.0589,87.5,0.83
TEST,3,8,1.25,0.25,10.88,0.126,0.0565,79.8,0.73
TEST,4,9,1,0,10.89,0.139,0.0608,75.8,0.68
TEST,5,9,1,0,10.89,0.133,0.0568,70.5,0.71
TEST,6,9,1,0,10.89,0.128,0.0548,67.5,0.65
TEST,7,9,1,0,10.89,0.129,0.0558,63.5,0.63
TEST,8,7,1,0,10.86,0.129,0.0574,60.8,0.62
TEST,9,7,1.28,0.14,10.86,0.131,0.0584,54.6,0.62
TEST,10,8,1,0,10.88,0.122,0.0537,55.7,0.51
TEST,11,8,1,0,10.88,0.125,0.0542,53.9,0.47
TEST,12,9,1,0,10.89,0.136,0.0525,59.5,0.5
TEST,13,9,1,0,10.89,0.134,0.052,59.7,0.45
TEST,14,9,1.11,0.11,10.89,0.166,0.0634,64.1,0.6
TEST,15,8,1.5,0.25,10.88,0.16,0.0627,67.4,0.77
TEST,16,8,2.38,0.75,11,0.351,0.1503,68.6,9.07
TEST,17,8,2,0.75,11,0.271,0.1107,61.5,10.53
TEST,18,8,1.25,0.25,11,0.231,0.0921,61.2,8.42
TEST,19,8,2,1,11,0.266,0.1045,58.5,9
TEST,20,8,1,0,11,0.227,0.0977,55.2,8.12
TEST,21,8,3.39,1,11,0.214,0.0928,56.1,7.48
TEST,22,8,2,1,11,0.203,0.0869,56.2,6.67
TEST,23,8,1,0,11,0.217,0.0927,55.2,7.18
TEST,24,8,1.01,0,11,0.243,0.1025,53.7,7.67
TEST,25,8,1,0,11,0.205,0.0887,55.7,6.47
TEST,26,8,1,0,11,0.185,0.0851,52.9,5.42
TEST,27,8,1,0,10.88,0.185,0.0847,50.5,5.13
TEST,28,7,0.99,0,10.86,0.159,0.0752,47.2,3.9
TEST,29,8,1.01,0,10.88,0.193,0.0846,51.3,3.91
TEST,30,8,1.99,0.5,10.88,0.173,0.0756,56.2,3.42
TEST,31,8,2.5,1,10.88,0.173,0.0705,68.2,3.19
TEST,32,7,1.58,0.57,10.86,0.158,0.0652,59.3,2.6
TEST,33,7,1,0,10.86,0.163,0.0665,61,2.46
TEST,34,7,1,0,10.86,0.17,0.0698,61.7,2.49
TEST,35,7,1,0,10.86,0.167,0.0675,60.6,2.18
TEST,36,7,1,0,10.86,0.158,0.0638,58.5,1.94
TEST,37,7,1,0,10.86,0.158,0.0617,58.8,1.81
TEST,38,7,1,0,10.86,0.164,0.0659,62.1,1.79
TEST,39,7,1,0,10.86,0.179,0.0714,59.6,2.02
TEST,40,8,1,0,10.88,0.165,0.0644,65.5,1.69
TEST,41,9,1.01,0,10.89,0.15,0.0632,59.2,1.54
TEST,42,8,1,0,10.88,0.141,0.0598,57,1.4
TEST,43,9,1,0,10.89,0.144,0.0586,59.7,1.24
TEST,44,9,1.01,0,10.89,0.18,0.0722,61.8,1.63
TEST,45,9,1.66,0.33,10.89,0.169,0.0681,60.1,1.55
TEST,46,8,1.99,0.63,10.88,0.162,0.066,60.8,1.42
TEST,47,8,2.12,0.75,10.88,0.151,0.0636,60,1.24
TEST,48,8,1.37,0.38,10.88,0.139,0.0589,58.2,1.09
TEST,49,8,1,0,10.88,0.152,0.0631,60.5,1.16
TEST,50,9,1,0,10.89,0.146,0.0599,61.2,1.01
TEST,51,9,1,0,10.89,0.14,0.0589,58.1,0.93
TEST,52,8,1,0,10.88,0.139,0.0586,60.4,0.95
TEST,53,7,1,0,10.86,0.131,0.0575,54,0.87
TEST,54,7,1,0,10.86,0.14,0.0599,58.1,0.92
TEST,55,7,1,0,10.86,0.154,0.0559,63.9,0.77
TEST,56,6,1,0,11,0.173,0.0567,69.2,0.7
TEST,57,5,1,0,11,0.159,0.0567,64.6,0.73
TEST,58,5,1,0,11,0.157,0.0561,74,1.32
TEST,59,5,4.41,1,10,0.268,0.0869,81.9,4.1
