RUN_TAG,DETECTOR,MODEL_NAME,VARIANT,STATUS,TRAIN_FROM,TRAIN_TO,N_ROWS,IFOREST_CONTAMINATION,IFOREST_RANDOM_STATE,MINUTES,FLAGGED,UNSCORED,FIRST_TS,LAST_TS,FIRST_SCORED_TS,LAST_SCORED_TS,GRADE_FROM,GRADE_TO,GRADED_TS,EVAL_FROM,EVAL_TO,OFFICIAL_DAY
EVAL_DEV,MSET,ANOM_MSET_FINAL_202610050007,FINAL,ACTIVE,2026-10-01 23:57:00,2026-10-04 23:57:00,4282,,,1440,412,5,2026-10-05 00:27:30,2026-10-06 00:26:30,2026-10-07 01:02:28.259,2026-10-07 01:02:28.390,2026-10-05 00:27:00,2026-10-06 00:27:00,2026-10-07 01:03:50.767,2026-10-05 00:27:00,2026-10-07 00:27:00,dev
EVAL_DEV,SVM,ANOM_SVM_TUNE_0_02_202610070037,TUNE_0_02,CANDIDATE,2026-10-01 23:57:00,2026-10-04 23:57:00,4282,,,1440,314,5,2026-10-05 00:27:30,2026-10-06 00:26:30,2026-10-07 01:02:33.449,2026-10-07 01:02:33.544,2026-10-05 00:27:00,2026-10-06 00:27:00,2026-10-07 01:03:50.797,2026-10-05 00:27:00,2026-10-07 00:27:00,dev
EVAL_DEV,EM,ANOM_EM_TUNE_0_02_202610070037,TUNE_0_02,CANDIDATE,2026-10-01 23:57:00,2026-10-04 23:57:00,4282,,,1440,402,5,2026-10-05 00:27:30,2026-10-06 00:26:30,2026-10-07 01:02:33.717,2026-10-07 01:02:33.905,2026-10-05 00:27:00,2026-10-06 00:27:00,2026-10-07 01:03:50.756,2026-10-05 00:27:00,2026-10-07 00:27:00,dev
EVAL_DEV,PCA,ANOM_PCA_TUNE_99_202610070037,TUNE_99,CANDIDATE,2026-10-01 23:57:00,2026-10-04 23:57:00,4282,,,1440,318,5,2026-10-05 00:27:30,2026-10-06 00:26:30,2026-10-07 01:02:35.644,2026-10-07 01:02:35.790,2026-10-05 00:27:00,2026-10-06 00:27:00,2026-10-07 01:03:50.774,2026-10-05 00:27:00,2026-10-07 00:27:00,dev
EVAL_DEV,IFOREST,IFOREST_0.02,C0_02,CANDIDATE,2026-10-01 23:57:00,2026-10-04 23:57:00,4282,0.02,20261004,1440,315,5,2026-10-05 00:27:30,2026-10-06 00:26:30,2026-10-07 01:03:09.866,2026-10-07 01:03:09.866,2026-10-05 00:27:00,2026-10-06 00:27:00,2026-10-07 01:03:50.801,2026-10-05 00:27:00,2026-10-07 00:27:00,dev
EVAL_DEV,STATIC,ANOM_STATIC_FINAL_202610050007,FINAL,ACTIVE,2026-10-01 23:57:00,2026-10-04 23:57:00,4282,,,1440,384,5,2026-10-05 00:27:30,2026-10-06 00:26:30,2026-10-07 01:02:36.366,2026-10-07 01:02:36.672,2026-10-05 00:27:00,2026-10-06 00:27:00,2026-10-07 01:03:50.792,2026-10-05 00:27:00,2026-10-07 00:27:00,dev
EVAL_DEV,SEASONAL,ANOM_SEASONAL_TUNE_3_202610070037,TUNE_3,CANDIDATE,2026-10-01 23:57:00,2026-10-04 23:57:00,4282,,,1440,1338,5,2026-10-05 00:27:30,2026-10-06 00:26:30,2026-10-07 01:02:37.186,2026-10-07 01:02:38.000,2026-10-05 00:27:00,2026-10-06 00:27:00,2026-10-07 01:03:50.779,2026-10-05 00:27:00,2026-10-07 00:27:00,dev
EVAL_TEST,MSET,ANOM_MSET_FINAL_202610050007,FINAL,ACTIVE,2026-10-01 23:57:00,2026-10-04 23:57:00,4282,,,1440,426,8,2026-10-06 00:27:30,2026-10-07 00:26:30,2026-10-07 01:02:45.073,2026-10-07 01:02:45.196,2026-10-06 00:27:00,2026-10-07 00:27:00,2026-10-07 01:03:51.509,2026-10-05 00:27:00,2026-10-07 00:27:00,test
EVAL_TEST,SVM,ANOM_SVM_TUNE_0_02_202610070037,TUNE_0_02,CANDIDATE,2026-10-01 23:57:00,2026-10-04 23:57:00,4282,,,1440,260,8,2026-10-06 00:27:30,2026-10-07 00:26:30,2026-10-07 01:02:49.421,2026-10-07 01:02:49.497,2026-10-06 00:27:00,2026-10-07 00:27:00,2026-10-07 01:03:51.531,2026-10-05 00:27:00,2026-10-07 00:27:00,test
EVAL_TEST,EM,ANOM_EM_TUNE_0_02_202610070037,TUNE_0_02,CANDIDATE,2026-10-01 23:57:00,2026-10-04 23:57:00,4282,,,1440,455,8,2026-10-06 00:27:30,2026-10-07 00:26:30,2026-10-07 01:02:49.707,2026-10-07 01:02:49.789,2026-10-06 00:27:00,2026-10-07 00:27:00,2026-10-07 01:03:51.502,2026-10-05 00:27:00,2026-10-07 00:27:00,test
EVAL_TEST,PCA,ANOM_PCA_TUNE_99_202610070037,TUNE_99,CANDIDATE,2026-10-01 23:57:00,2026-10-04 23:57:00,4282,,,1440,271,8,2026-10-06 00:27:30,2026-10-07 00:26:30,2026-10-07 01:02:51.391,2026-10-07 01:02:51.514,2026-10-06 00:27:00,2026-10-07 00:27:00,2026-10-07 01:03:51.513,2026-10-05 00:27:00,2026-10-07 00:27:00,test
EVAL_TEST,IFOREST,IFOREST_0.02,C0_02,CANDIDATE,2026-10-01 23:57:00,2026-10-04 23:57:00,4282,0.02,20261004,1440,244,8,2026-10-06 00:27:30,2026-10-07 00:26:30,2026-10-07 01:03:14.326,2026-10-07 01:03:14.326,2026-10-06 00:27:00,2026-10-07 00:27:00,2026-10-07 01:03:51.535,2026-10-05 00:27:00,2026-10-07 00:27:00,test
EVAL_TEST,STATIC,ANOM_STATIC_FINAL_202610050007,FINAL,ACTIVE,2026-10-01 23:57:00,2026-10-04 23:57:00,4282,,,1440,357,8,2026-10-06 00:27:30,2026-10-07 00:26:30,2026-10-07 01:02:51.927,2026-10-07 01:02:52.261,2026-10-06 00:27:00,2026-10-07 00:27:00,2026-10-07 01:03:51.524,2026-10-05 00:27:00,2026-10-07 00:27:00,test
EVAL_TEST,SEASONAL,ANOM_SEASONAL_TUNE_3_202610070037,TUNE_3,CANDIDATE,2026-10-01 23:57:00,2026-10-04 23:57:00,4282,,,1440,1412,8,2026-10-06 00:27:30,2026-10-07 00:26:30,2026-10-07 01:02:52.809,2026-10-07 01:02:54.105,2026-10-06 00:27:00,2026-10-07 00:27:00,2026-10-07 01:03:51.516,2026-10-05 00:27:00,2026-10-07 00:27:00,test
