RUN_TAG,DETECTOR,MODEL_NAME,GRADE_FROM,GRADE_TO,HOURS,N_INCIDENTS,N_CAUGHT,TTD_MEDIAN,TTD_P90,N_FALSE_ALARMS,FA_PER_24H,N_ATTR_SCORED,N_ATTR_HIT,ATTR_HIT_RATE,ATTR_P_MEAN,TIE_SIZE_MEDIAN,MCNEMAR_REF,MCNEMAR_B,MCNEMAR_C,MCNEMAR_P,BEST_RIVAL,GRADED_TS
EVAL_DEV,MSET,ANOM_MSET_FINAL_202610050007,2026-10-05 00:27:00,2026-10-06 00:27:00,24,14,13,1.4833,3.31,1,1,13,10,0.769231,0.435798,9,,,,,,2026-10-07 01:03:50.767
EVAL_DEV,SVM,ANOM_SVM_TUNE_0_02_202610070037,2026-10-05 00:27:00,2026-10-06 00:27:00,24,14,9,1.4833,16.2967,0,0,9,6,0.666667,0.583333,2,ANOM_MSET_FINAL_202610050007,5,1,0.21875,N,2026-10-07 01:03:50.797
EVAL_DEV,EM,ANOM_EM_TUNE_0_02_202610070037,2026-10-05 00:27:00,2026-10-06 00:27:00,24,14,11,1.4833,2.5167,0,0,11,2,0.181818,0.181818,1,ANOM_MSET_FINAL_202610050007,3,1,0.625,Y,2026-10-07 01:03:50.756
EVAL_DEV,PCA,ANOM_PCA_TUNE_99_202610070037,2026-10-05 00:27:00,2026-10-06 00:27:00,24,14,10,1.4833,9,0,0,10,8,0.8,0.8,1,ANOM_MSET_FINAL_202610050007,4,1,0.375,N,2026-10-07 01:03:50.774
EVAL_DEV,IFOREST,IFOREST_0.02,2026-10-05 00:27:00,2026-10-06 00:27:00,24,14,9,1.5,19.47,0,0,,,,,,ANOM_MSET_FINAL_202610050007,5,1,0.21875,N,2026-10-07 01:03:50.801
EVAL_DEV,STATIC,ANOM_STATIC_FINAL_202610050007,2026-10-05 00:27:00,2026-10-06 00:27:00,24,14,11,1.4833,1.5,0,0,11,9,0.818182,0.818182,1,ANOM_MSET_FINAL_202610050007,3,1,0.625,N,2026-10-07 01:03:50.792
EVAL_DEV,SEASONAL,ANOM_SEASONAL_TUNE_3_202610070037,2026-10-05 00:27:00,2026-10-06 00:27:00,24,14,0,,,1,1,0,0,,,,ANOM_MSET_FINAL_202610050007,13,0,0.000244,N,2026-10-07 01:03:50.779
EVAL_TEST,MSET,ANOM_MSET_FINAL_202610050007,2026-10-06 00:27:00,2026-10-07 00:27:00,24,14,12,1.4833,2.3866,3,3,12,9,0.75,0.440611,9.5,,,,,,2026-10-07 01:03:51.509
EVAL_TEST,SVM,ANOM_SVM_TUNE_0_02_202610070037,2026-10-06 00:27:00,2026-10-07 00:27:00,24,14,12,1.4917,4.4,0,0,12,10,0.833333,0.833333,1,ANOM_MSET_FINAL_202610050007,1,1,1,N,2026-10-07 01:03:51.531
EVAL_TEST,EM,ANOM_EM_TUNE_0_02_202610070037,2026-10-06 00:27:00,2026-10-07 00:27:00,24,14,11,1.5,5.4833,1,1,11,0,0,0,2,ANOM_MSET_FINAL_202610050007,2,1,1,N,2026-10-07 01:03:51.502
EVAL_TEST,PCA,ANOM_PCA_TUNE_99_202610070037,2026-10-06 00:27:00,2026-10-07 00:27:00,24,14,11,1.4833,2.5167,0,0,11,10,0.909091,0.909091,1,ANOM_MSET_FINAL_202610050007,2,1,1,N,2026-10-07 01:03:51.513
EVAL_TEST,IFOREST,IFOREST_0.02,2026-10-06 00:27:00,2026-10-07 00:27:00,24,14,10,1.5084,39.9983,0,0,,,,,,ANOM_MSET_FINAL_202610050007,2,0,0.5,N,2026-10-07 01:03:51.535
EVAL_TEST,STATIC,ANOM_STATIC_FINAL_202610050007,2026-10-06 00:27:00,2026-10-07 00:27:00,24,14,13,1.5,5.0866,0,0,13,11,0.846154,0.846154,1,ANOM_MSET_FINAL_202610050007,0,1,1,Y,2026-10-07 01:03:51.524
EVAL_TEST,SEASONAL,ANOM_SEASONAL_TUNE_3_202610070037,2026-10-06 00:27:00,2026-10-07 00:27:00,24,14,0,,,1,1,0,0,,,,ANOM_MSET_FINAL_202610050007,12,0,0.000488,N,2026-10-07 01:03:51.516
