RUN_TAG,DETECTOR,MODEL_NAME,RUN_ID,SCENARIO,INTENSITY,INC_START,INC_END,INC_MINUTES,CAUGHT,ALERT_START,TTD_MIN,TTD_WRITE_MIN,ALERT_WRITE_TS,TOP3,ATTR_HIT,ATTR_LENIENT,ATTR_P,TIE_SIZE,EXPECTED_SIGNALS,FIRED,EPISODE_TOP_SIGNALS
EVAL_DEV,MSET,ANOM_MSET_FINAL_202610050007,81,hard_parse_storm,HIGH,2026-10-05 01:04:02,2026-10-05 01:30:04,26.03,N,,,,,,,,,,"CPU,HARDPARSE,PARSE,W_CONCUR",,
EVAL_DEV,SVM,ANOM_SVM_TUNE_0_02_202610070037,81,hard_parse_storm,HIGH,2026-10-05 01:04:02,2026-10-05 01:30:04,26.03,Y,2026-10-05 01:05:30,1.4667,3.1237,2026-10-05 01:07:09.421,HARDPARSE,Y,1,1,1,"CPU,HARDPARSE,PARSE,W_CONCUR",,HARDPARSE
EVAL_DEV,EM,ANOM_EM_TUNE_0_02_202610070037,81,hard_parse_storm,HIGH,2026-10-05 01:04:02,2026-10-05 01:30:04,26.03,Y,2026-10-05 01:05:30,1.4667,3.1121,2026-10-05 01:07:08.724,,N,0,0,,"CPU,HARDPARSE,PARSE,W_CONCUR",,
EVAL_DEV,PCA,ANOM_PCA_TUNE_99_202610070037,81,hard_parse_storm,HIGH,2026-10-05 01:04:02,2026-10-05 01:30:04,26.03,Y,2026-10-05 01:05:30,1.4667,3.1217,2026-10-05 01:07:09.300,"HARDPARSE,EXECS,LONGSCANS",Y,1,1,1,"CPU,HARDPARSE,PARSE,W_CONCUR",,"HARDPARSE,EXECS,LONGSCANS,PARSE,PIO_BYTES"
EVAL_DEV,IFOREST,IFOREST_0.02,81,hard_parse_storm,HIGH,2026-10-05 01:04:02,2026-10-05 01:30:04,26.03,Y,2026-10-05 01:05:30,1.4667,,,,,,,,"CPU,HARDPARSE,PARSE,W_CONCUR",,
EVAL_DEV,STATIC,ANOM_STATIC_FINAL_202610050007,81,hard_parse_storm,HIGH,2026-10-05 01:04:02,2026-10-05 01:30:04,26.03,Y,2026-10-05 01:05:30,1.4667,3.1227,2026-10-05 01:07:09.359,"HARDPARSE,CPU_TXN,PARSE",Y,1,1,1,"CPU,HARDPARSE,PARSE,W_CONCUR","HARDPARSE,CPU_TXN,PARSE,RT_TXN","HARDPARSE,CPU_TXN,PARSE,RT_TXN,CPU"
EVAL_DEV,SEASONAL,ANOM_SEASONAL_TUNE_3_202610070037,81,hard_parse_storm,HIGH,2026-10-05 01:04:02,2026-10-05 01:30:04,26.03,N,,,,,,,,,,"CPU,HARDPARSE,PARSE,W_CONCUR",,
EVAL_DEV,MSET,ANOM_MSET_FINAL_202610050007,101,logon_storm,HIGH,2026-10-05 02:27:01,2026-10-05 02:45:03,18.03,Y,2026-10-05 02:28:31,1.5,3.1388,2026-10-05 02:30:09.327,"TXN,SQL_RT,RT_TXN,LOGONS,LIO_TXN,LIO,HARDPARSE,ENQ_WAITS,CPU_TXN,CPU,CALLS,APP_P50_MS",Y,1,0.454545,12,"CPU,LOGONS,W_OTHER",,"TXN,SQL_RT,RT_TXN,LOGONS,LIO_TXN"
EVAL_DEV,SVM,ANOM_SVM_TUNE_0_02_202610070037,101,logon_storm,HIGH,2026-10-05 02:27:01,2026-10-05 02:45:03,18.03,Y,2026-10-05 02:28:31,1.5,3.1421,2026-10-05 02:30:09.528,,N,0,0,,"CPU,LOGONS,W_OTHER",,
EVAL_DEV,EM,ANOM_EM_TUNE_0_02_202610070037,101,logon_storm,HIGH,2026-10-05 02:27:01,2026-10-05 02:45:03,18.03,Y,2026-10-05 02:28:31,1.5,3.1297,2026-10-05 02:30:08.784,,N,0,0,,"CPU,LOGONS,W_OTHER",,
EVAL_DEV,PCA,ANOM_PCA_TUNE_99_202610070037,101,logon_storm,HIGH,2026-10-05 02:27:01,2026-10-05 02:45:03,18.03,Y,2026-10-05 02:28:31,1.5,3.1399,2026-10-05 02:30:09.395,"PWRITES,SESSIONS,WAIT_RATIO",N,0,0,1,"CPU,LOGONS,W_OTHER",,"PWRITES,SESSIONS,WAIT_RATIO,W_CONFIG,BLKCHG"
EVAL_DEV,IFOREST,IFOREST_0.02,101,logon_storm,HIGH,2026-10-05 02:27:01,2026-10-05 02:45:03,18.03,Y,2026-10-05 02:28:31,1.5,,,,,,,,"CPU,LOGONS,W_OTHER",,
EVAL_DEV,STATIC,ANOM_STATIC_FINAL_202610050007,101,logon_storm,HIGH,2026-10-05 02:27:01,2026-10-05 02:45:03,18.03,Y,2026-10-05 02:28:31,1.5,3.1408,2026-10-05 02:30:09.448,"LOGONS,CPU_TXN,RT_TXN",Y,1,1,1,"CPU,LOGONS,W_OTHER","LOGONS,CPU_TXN,RT_TXN,APP_P50_MS,TXN,APP_P95_MS","LOGONS,CPU_TXN,RT_TXN,APP_P50_MS,TXN"
EVAL_DEV,SEASONAL,ANOM_SEASONAL_TUNE_3_202610070037,101,logon_storm,HIGH,2026-10-05 02:27:01,2026-10-05 02:45:03,18.03,N,,,,,,,,,,"CPU,LOGONS,W_OTHER",,
EVAL_DEV,MSET,ANOM_MSET_FINAL_202610050007,102,io_storm,LOW,2026-10-05 04:06:01,2026-10-05 04:23:01,17,Y,2026-10-05 04:07:29,1.4667,3.1403,2026-10-05 04:09:09.416,"W_CONCUR,WAIT_RATIO,TXN,SQL_RT,RT_TXN,REDO,PWRITES,PIO_BYTES,PIO,COMMITS,BLKCHG",Y,1,0.490909,11,"LONGSCANS,PIO,PIO_BYTES,W_USERIO",,"W_CONCUR,WAIT_RATIO,TXN,SQL_RT,RT_TXN"
EVAL_DEV,SVM,ANOM_SVM_TUNE_0_02_202610070037,102,io_storm,LOW,2026-10-05 04:06:01,2026-10-05 04:23:01,17,Y,2026-10-05 04:07:29,1.4667,3.1439,2026-10-05 04:09:09.632,,N,0,0,,"LONGSCANS,PIO,PIO_BYTES,W_USERIO",,
EVAL_DEV,EM,ANOM_EM_TUNE_0_02_202610070037,102,io_storm,LOW,2026-10-05 04:06:01,2026-10-05 04:23:01,17,Y,2026-10-05 04:07:29,1.4667,3.1312,2026-10-05 04:09:08.874,,N,0,0,,"LONGSCANS,PIO,PIO_BYTES,W_USERIO",,
EVAL_DEV,PCA,ANOM_PCA_TUNE_99_202610070037,102,io_storm,LOW,2026-10-05 04:06:01,2026-10-05 04:23:01,17,Y,2026-10-05 04:07:29,1.4667,3.1413,2026-10-05 04:09:09.480,"PIO_BYTES,PIO,ENQ_WAITS",Y,1,1,1,"LONGSCANS,PIO,PIO_BYTES,W_USERIO",,"PIO_BYTES,PIO,ENQ_WAITS,LONGSCANS,W_APPL"
EVAL_DEV,IFOREST,IFOREST_0.02,102,io_storm,LOW,2026-10-05 04:06:01,2026-10-05 04:23:01,17,Y,2026-10-05 04:07:29,1.4667,,,,,,,,"LONGSCANS,PIO,PIO_BYTES,W_USERIO",,
EVAL_DEV,STATIC,ANOM_STATIC_FINAL_202610050007,102,io_storm,LOW,2026-10-05 04:06:01,2026-10-05 04:23:01,17,Y,2026-10-05 04:07:29,1.4667,3.1426,2026-10-05 04:09:09.553,"PIO,PIO_BYTES,LIO_TXN",Y,1,1,1,"LONGSCANS,PIO,PIO_BYTES,W_USERIO","PIO,PIO_BYTES,LIO_TXN,SQL_RT,CPU_TXN,W_USERIO","PIO,PIO_BYTES,LIO_TXN,SQL_RT,LIO"
EVAL_DEV,SEASONAL,ANOM_SEASONAL_TUNE_3_202610070037,102,io_storm,LOW,2026-10-05 04:06:01,2026-10-05 04:23:01,17,N,,,,,,,,,,"LONGSCANS,PIO,PIO_BYTES,W_USERIO",,
EVAL_DEV,MSET,ANOM_MSET_FINAL_202610050007,103,slow_drift,HIGH,2026-10-05 05:46:01,2026-10-05 08:46:09,180.13,Y,2026-10-05 06:05:30,19.4833,21.1343,2026-10-05 06:07:09.056,"REDO,BLKCHG,PWRITES,LOGONS",N,0,0,2,"APP_P95_MS,CPU_TXN,LIO_TXN,RT_TXN",,"REDO,BLKCHG,PWRITES,LOGONS,W_CONFIG"
EVAL_DEV,SVM,ANOM_SVM_TUNE_0_02_202610070037,103,slow_drift,HIGH,2026-10-05 05:46:01,2026-10-05 08:46:09,180.13,Y,2026-10-05 07:01:30,75.4833,77.1344,2026-10-05 07:03:09.063,"CPU,LIO,SQL_RT,DBTIME,CPU_TXN,AAS",Y,1,0.25,4,"APP_P95_MS,CPU_TXN,LIO_TXN,RT_TXN",,"CPU,LIO,SQL_RT,DBTIME,CPU_TXN"
EVAL_DEV,EM,ANOM_EM_TUNE_0_02_202610070037,103,slow_drift,HIGH,2026-10-05 05:46:01,2026-10-05 08:46:09,180.13,Y,2026-10-05 06:04:29,18.4667,20.1373,2026-10-05 06:06:09.240,"LIO_TXN,LIO",Y,1,1,1,"APP_P95_MS,CPU_TXN,LIO_TXN,RT_TXN",,"LIO_TXN,LIO"
EVAL_DEV,PCA,ANOM_PCA_TUNE_99_202610070037,103,slow_drift,HIGH,2026-10-05 05:46:01,2026-10-05 08:46:09,180.13,Y,2026-10-05 06:53:31,67.5,69.1307,2026-10-05 06:55:08.843,"SQL_RT,CPU_TXN,CPU",Y,1,1,1,"APP_P95_MS,CPU_TXN,LIO_TXN,RT_TXN",,"SQL_RT,CPU_TXN,CPU,APP_P50_MS,LIO"
EVAL_DEV,IFOREST,IFOREST_0.02,103,slow_drift,HIGH,2026-10-05 05:46:01,2026-10-05 08:46:09,180.13,Y,2026-10-05 06:21:30,35.4833,,,,,,,,"APP_P95_MS,CPU_TXN,LIO_TXN,RT_TXN",,
EVAL_DEV,STATIC,ANOM_STATIC_FINAL_202610050007,103,slow_drift,HIGH,2026-10-05 05:46:01,2026-10-05 08:46:09,180.13,Y,2026-10-05 06:56:30,70.4833,72.1392,2026-10-05 06:58:09.353,SQL_RT,N,0,0,1,"APP_P95_MS,CPU_TXN,LIO_TXN,RT_TXN",SQL_RT,SQL_RT
EVAL_DEV,SEASONAL,ANOM_SEASONAL_TUNE_3_202610070037,103,slow_drift,HIGH,2026-10-05 05:46:01,2026-10-05 08:46:09,180.13,N,,,,,,,,,,"APP_P95_MS,CPU_TXN,LIO_TXN,RT_TXN",,
EVAL_DEV,MSET,ANOM_MSET_FINAL_202610050007,104,batch_wrong_time,HIGH,2026-10-05 09:31:02,2026-10-05 09:50:06,19.07,Y,2026-10-05 09:32:30,1.4667,3.1172,2026-10-05 09:34:09.031,"W_CONFIG,W_CONCUR,WAIT_RATIO,SQL_RT,RT_TXN,REDO,PWRITES,PIO_BYTES,PIO,LIO_TXN,LIO,CPU_TXN,BLKCHG",Y,1,0.706294,13,"BLKCHG,LIO,PWRITES,REDO,W_COMMIT",,"W_CONFIG,W_CONCUR,WAIT_RATIO,SQL_RT,RT_TXN"
EVAL_DEV,SVM,ANOM_SVM_TUNE_0_02_202610070037,104,batch_wrong_time,HIGH,2026-10-05 09:31:02,2026-10-05 09:50:06,19.07,Y,2026-10-05 09:32:30,1.4667,3.1205,2026-10-05 09:34:09.228,"PWRITES,REDO,PIO_BYTES,PIO,BLKCHG",Y,1,1,4,"BLKCHG,LIO,PWRITES,REDO,W_COMMIT",,"PWRITES,REDO,PIO_BYTES,PIO,BLKCHG"
EVAL_DEV,EM,ANOM_EM_TUNE_0_02_202610070037,104,batch_wrong_time,HIGH,2026-10-05 09:31:02,2026-10-05 09:50:06,19.07,Y,2026-10-05 09:31:31,0.4833,2.105,2026-10-05 09:33:08.302,,N,0,0,,"BLKCHG,LIO,PWRITES,REDO,W_COMMIT",,
EVAL_DEV,PCA,ANOM_PCA_TUNE_99_202610070037,104,batch_wrong_time,HIGH,2026-10-05 09:31:02,2026-10-05 09:50:06,19.07,Y,2026-10-05 09:32:30,1.4667,3.1183,2026-10-05 09:34:09.098,"PWRITES,WAIT_RATIO,LIO_TXN",Y,1,1,1,"BLKCHG,LIO,PWRITES,REDO,W_COMMIT",,"PWRITES,WAIT_RATIO,LIO_TXN,REDO,APP_P95_MS"
EVAL_DEV,IFOREST,IFOREST_0.02,104,batch_wrong_time,HIGH,2026-10-05 09:31:02,2026-10-05 09:50:06,19.07,Y,2026-10-05 09:32:30,1.4667,,,,,,,,"BLKCHG,LIO,PWRITES,REDO,W_COMMIT",,
EVAL_DEV,STATIC,ANOM_STATIC_FINAL_202610050007,104,batch_wrong_time,HIGH,2026-10-05 09:31:02,2026-10-05 09:50:06,19.07,Y,2026-10-05 09:31:31,0.4833,2.1164,2026-10-05 09:33:08.983,PWRITES,Y,1,1,1,"BLKCHG,LIO,PWRITES,REDO,W_COMMIT",PWRITES,"PWRITES,TEMP,PIO,PIO_BYTES,REDO"
EVAL_DEV,SEASONAL,ANOM_SEASONAL_TUNE_3_202610070037,104,batch_wrong_time,HIGH,2026-10-05 09:31:02,2026-10-05 09:50:06,19.07,N,,,,,,,,,,"BLKCHG,LIO,PWRITES,REDO,W_COMMIT",,
EVAL_DEV,MSET,ANOM_MSET_FINAL_202610050007,105,commit_storm,LOW,2026-10-05 10:52:00,2026-10-05 11:06:02,14.03,Y,2026-10-05 10:53:30,1.5,3.1614,2026-10-05 10:55:09.684,"TXN,ENQ_WAITS,COMMITS,CALLS,APP_TPS",Y,1,0.6,5,"COMMITS,REDO,W_COMMIT,W_CONFIG",,"TXN,ENQ_WAITS,COMMITS,CALLS,APP_TPS"
EVAL_DEV,SVM,ANOM_SVM_TUNE_0_02_202610070037,105,commit_storm,LOW,2026-10-05 10:52:00,2026-10-05 11:06:02,14.03,N,,,,,,,,,,"COMMITS,REDO,W_COMMIT,W_CONFIG",,
EVAL_DEV,EM,ANOM_EM_TUNE_0_02_202610070037,105,commit_storm,LOW,2026-10-05 10:52:00,2026-10-05 11:06:02,14.03,Y,2026-10-05 10:54:31,2.5167,4.1364,2026-10-05 10:56:08.184,COMMITS,Y,1,1,1,"COMMITS,REDO,W_COMMIT,W_CONFIG",,COMMITS
EVAL_DEV,PCA,ANOM_PCA_TUNE_99_202610070037,105,commit_storm,LOW,2026-10-05 10:52:00,2026-10-05 11:06:02,14.03,N,,,,,,,,,,"COMMITS,REDO,W_COMMIT,W_CONFIG",,
EVAL_DEV,IFOREST,IFOREST_0.02,105,commit_storm,LOW,2026-10-05 10:52:00,2026-10-05 11:06:02,14.03,N,,,,,,,,,,"COMMITS,REDO,W_COMMIT,W_CONFIG",,
EVAL_DEV,STATIC,ANOM_STATIC_FINAL_202610050007,105,commit_storm,LOW,2026-10-05 10:52:00,2026-10-05 11:06:02,14.03,Y,2026-10-05 10:53:30,1.5,3.1636,2026-10-05 10:55:09.816,COMMITS,Y,1,1,1,"COMMITS,REDO,W_COMMIT,W_CONFIG",COMMITS,"COMMITS,TXN"
EVAL_DEV,SEASONAL,ANOM_SEASONAL_TUNE_3_202610070037,105,commit_storm,LOW,2026-10-05 10:52:00,2026-10-05 11:06:02,14.03,N,,,,,,,,,,"COMMITS,REDO,W_COMMIT,W_CONFIG",,
EVAL_DEV,MSET,ANOM_MSET_FINAL_202610050007,106,conn_leak,HIGH,2026-10-05 12:30:00,2026-10-05 12:57:01,27.02,Y,2026-10-05 12:31:29,1.4833,3.1554,2026-10-05 12:33:09.324,"SESSIONS,LOGONS",Y,1,1,1,"LOGONS,SESSIONS",,"SESSIONS,LOGONS"
EVAL_DEV,SVM,ANOM_SVM_TUNE_0_02_202610070037,106,conn_leak,HIGH,2026-10-05 12:30:00,2026-10-05 12:57:01,27.02,Y,2026-10-05 12:31:29,1.4833,3.1587,2026-10-05 12:33:09.522,SESSIONS,Y,1,1,1,"LOGONS,SESSIONS",,SESSIONS
EVAL_DEV,EM,ANOM_EM_TUNE_0_02_202610070037,106,conn_leak,HIGH,2026-10-05 12:30:00,2026-10-05 12:57:01,27.02,N,,,,,,,,,,"LOGONS,SESSIONS",,
EVAL_DEV,PCA,ANOM_PCA_TUNE_99_202610070037,106,conn_leak,HIGH,2026-10-05 12:30:00,2026-10-05 12:57:01,27.02,Y,2026-10-05 12:31:29,1.4833,3.1564,2026-10-05 12:33:09.383,"WAIT_RATIO,SESSIONS,W_CONFIG",Y,1,1,1,"LOGONS,SESSIONS",,"WAIT_RATIO,SESSIONS,W_CONFIG,PWRITES,W_USERIO"
EVAL_DEV,IFOREST,IFOREST_0.02,106,conn_leak,HIGH,2026-10-05 12:30:00,2026-10-05 12:57:01,27.02,N,,,,,,,,,,"LOGONS,SESSIONS",,
EVAL_DEV,STATIC,ANOM_STATIC_FINAL_202610050007,106,conn_leak,HIGH,2026-10-05 12:30:00,2026-10-05 12:57:01,27.02,Y,2026-10-05 12:31:29,1.4833,3.1574,2026-10-05 12:33:09.443,SESSIONS,Y,1,1,1,"LOGONS,SESSIONS",SESSIONS,SESSIONS
EVAL_DEV,SEASONAL,ANOM_SEASONAL_TUNE_3_202610070037,106,conn_leak,HIGH,2026-10-05 12:30:00,2026-10-05 12:57:01,27.02,N,,,,,,,,,,"LOGONS,SESSIONS",,
EVAL_DEV,MSET,ANOM_MSET_FINAL_202610050007,107,cpu_hog,LOW,2026-10-05 14:01:01,2026-10-05 14:19:02,18.02,Y,2026-10-05 14:01:30,0.4833,2.1351,2026-10-05 14:03:09.103,"SQL_RT,LOGONS,CPU_TXN,BLKCHG",Y,1,0.5,2,"AAS,CPU,CPU_TXN,DBTIME",,"SQL_RT,LOGONS,CPU_TXN,BLKCHG,W_CONFIG"
EVAL_DEV,SVM,ANOM_SVM_TUNE_0_02_202610070037,107,cpu_hog,LOW,2026-10-05 14:01:01,2026-10-05 14:19:02,18.02,N,,,,,,,,,,"AAS,CPU,CPU_TXN,DBTIME",,
EVAL_DEV,EM,ANOM_EM_TUNE_0_02_202610070037,107,cpu_hog,LOW,2026-10-05 14:01:01,2026-10-05 14:19:02,18.02,Y,2026-10-05 14:03:31,2.5,4.131,2026-10-05 14:05:08.857,,N,0,0,,"AAS,CPU,CPU_TXN,DBTIME",,
EVAL_DEV,PCA,ANOM_PCA_TUNE_99_202610070037,107,cpu_hog,LOW,2026-10-05 14:01:01,2026-10-05 14:19:02,18.02,Y,2026-10-05 14:03:31,2.5,4.1422,2026-10-05 14:05:09.531,"CPU_TXN,SQL_RT,WAIT_RATIO",Y,1,1,1,"AAS,CPU,CPU_TXN,DBTIME",,"CPU_TXN,SQL_RT,WAIT_RATIO,CPU,APP_P50_MS"
EVAL_DEV,IFOREST,IFOREST_0.02,107,cpu_hog,LOW,2026-10-05 14:01:01,2026-10-05 14:19:02,18.02,Y,2026-10-05 14:16:29,15.4667,,,,,,,,"AAS,CPU,CPU_TXN,DBTIME",,
EVAL_DEV,STATIC,ANOM_STATIC_FINAL_202610050007,107,cpu_hog,LOW,2026-10-05 14:01:01,2026-10-05 14:19:02,18.02,Y,2026-10-05 14:01:30,0.4833,2.1371,2026-10-05 14:03:09.225,SQL_RT,N,0,0,1,"AAS,CPU,CPU_TXN,DBTIME",SQL_RT,"SQL_RT,CPU_TXN"
EVAL_DEV,SEASONAL,ANOM_SEASONAL_TUNE_3_202610070037,107,cpu_hog,LOW,2026-10-05 14:01:01,2026-10-05 14:19:02,18.02,N,,,,,,,,,,"AAS,CPU,CPU_TXN,DBTIME",,
EVAL_DEV,MSET,ANOM_MSET_FINAL_202610050007,108,blocking_chain,LOW,2026-10-05 15:21:01,2026-10-05 15:31:01,10,Y,2026-10-05 15:22:30,1.4833,3.1354,2026-10-05 15:24:09.121,"W_CONFIG,W_APPL,TEMP,SQL_RT,REDO,PWRITES,HARDPARSE,ENQ_WAITS,BLKCHG",Y,1,0.583333,9,"APP_P95_MS,COMMITS,ENQ_WAITS,RT_TXN,W_APPL",,"W_CONFIG,W_APPL,TEMP,SQL_RT,REDO"
EVAL_DEV,SVM,ANOM_SVM_TUNE_0_02_202610070037,108,blocking_chain,LOW,2026-10-05 15:21:01,2026-10-05 15:31:01,10,Y,2026-10-05 15:22:30,1.4833,3.1379,2026-10-05 15:24:09.272,"W_APPL,WAIT_RATIO,W_COMMIT,LIO,HARDPARSE,EXECS,COMMITS",Y,1,1,5,"APP_P95_MS,COMMITS,ENQ_WAITS,RT_TXN,W_APPL",,"W_APPL,WAIT_RATIO,W_COMMIT,LIO,HARDPARSE"
EVAL_DEV,EM,ANOM_EM_TUNE_0_02_202610070037,108,blocking_chain,LOW,2026-10-05 15:21:01,2026-10-05 15:31:01,10,Y,2026-10-05 15:22:30,1.4833,3.1283,2026-10-05 15:24:08.697,,N,0,0,,"APP_P95_MS,COMMITS,ENQ_WAITS,RT_TXN,W_APPL",,
EVAL_DEV,PCA,ANOM_PCA_TUNE_99_202610070037,108,blocking_chain,LOW,2026-10-05 15:21:01,2026-10-05 15:31:01,10,Y,2026-10-05 15:22:30,1.4833,3.1362,2026-10-05 15:24:09.174,"W_APPL,W_OTHER,W_USERIO",Y,1,1,1,"APP_P95_MS,COMMITS,ENQ_WAITS,RT_TXN,W_APPL",,"W_APPL,W_OTHER,W_USERIO,ENQ_WAITS,WAIT_RATIO"
EVAL_DEV,IFOREST,IFOREST_0.02,108,blocking_chain,LOW,2026-10-05 15:21:01,2026-10-05 15:31:01,10,Y,2026-10-05 15:25:30,4.4833,,,,,,,,"APP_P95_MS,COMMITS,ENQ_WAITS,RT_TXN,W_APPL",,
EVAL_DEV,STATIC,ANOM_STATIC_FINAL_202610050007,108,blocking_chain,LOW,2026-10-05 15:21:01,2026-10-05 15:31:01,10,Y,2026-10-05 15:22:30,1.4833,3.1371,2026-10-05 15:24:09.227,"W_APPL,WAIT_RATIO",Y,1,1,1,"APP_P95_MS,COMMITS,ENQ_WAITS,RT_TXN,W_APPL","W_APPL,WAIT_RATIO","W_APPL,WAIT_RATIO"
EVAL_DEV,SEASONAL,ANOM_SEASONAL_TUNE_3_202610070037,108,blocking_chain,LOW,2026-10-05 15:21:01,2026-10-05 15:31:01,10,N,,,,,,,,,,"APP_P95_MS,COMMITS,ENQ_WAITS,RT_TXN,W_APPL",,
EVAL_DEV,MSET,ANOM_MSET_FINAL_202610050007,109,temp_spill,HIGH,2026-10-05 16:49:01,2026-10-05 17:19:04,30.05,Y,2026-10-05 16:50:31,1.5,3.1451,2026-10-05 16:52:09.703,"W_COMMIT,TEMP,SESSIONS,REDO,PWRITES,PIO_BYTES,PIO,LIO_TXN,LIO,HARDPARSE,BLKCHG,APP_TPS",Y,1,0.454545,12,"PWRITES,TEMP,W_USERIO",,"W_COMMIT,TEMP,SESSIONS,REDO,PWRITES"
EVAL_DEV,SVM,ANOM_SVM_TUNE_0_02_202610070037,109,temp_spill,HIGH,2026-10-05 16:49:01,2026-10-05 17:19:04,30.05,Y,2026-10-05 16:50:31,1.5,3.1481,2026-10-05 16:52:09.888,"PIO_BYTES,PIO",N,0,0,2,"PWRITES,TEMP,W_USERIO",,"PIO_BYTES,PIO"
EVAL_DEV,EM,ANOM_EM_TUNE_0_02_202610070037,109,temp_spill,HIGH,2026-10-05 16:49:01,2026-10-05 17:19:04,30.05,Y,2026-10-05 16:50:31,1.5,3.1365,2026-10-05 16:52:09.189,,N,0,0,,"PWRITES,TEMP,W_USERIO",,
EVAL_DEV,PCA,ANOM_PCA_TUNE_99_202610070037,109,temp_spill,HIGH,2026-10-05 16:49:01,2026-10-05 17:19:04,30.05,Y,2026-10-05 16:50:31,1.5,3.1461,2026-10-05 16:52:09.766,"PIO_BYTES,PIO,ENQ_WAITS",N,0,0,1,"PWRITES,TEMP,W_USERIO",,"PIO_BYTES,PIO,ENQ_WAITS,REDO,LONGSCANS"
EVAL_DEV,IFOREST,IFOREST_0.02,109,temp_spill,HIGH,2026-10-05 16:49:01,2026-10-05 17:19:04,30.05,Y,2026-10-05 16:50:31,1.5,,,,,,,,"PWRITES,TEMP,W_USERIO",,
EVAL_DEV,STATIC,ANOM_STATIC_FINAL_202610050007,109,temp_spill,HIGH,2026-10-05 16:49:01,2026-10-05 17:19:04,30.05,Y,2026-10-05 16:50:31,1.5,3.1471,2026-10-05 16:52:09.826,"PWRITES,TEMP,PIO",Y,1,1,1,"PWRITES,TEMP,W_USERIO","PWRITES,TEMP,PIO,PIO_BYTES,W_USERIO,SQL_RT","PWRITES,TEMP,PIO,PIO_BYTES,W_USERIO"
EVAL_DEV,SEASONAL,ANOM_SEASONAL_TUNE_3_202610070037,109,temp_spill,HIGH,2026-10-05 16:49:01,2026-10-05 17:19:04,30.05,N,,,,,,,,,,"PWRITES,TEMP,W_USERIO",,
EVAL_DEV,MSET,ANOM_MSET_FINAL_202610050007,110,app_error_burst,HIGH,2026-10-05 18:09:01,2026-10-05 18:25:03,16.03,Y,2026-10-05 18:10:30,1.4833,3.136,2026-10-05 18:12:09.162,"PWRITES,W_CONCUR",N,0,0,1,"APP_ERR_PCT,COMMITS,TXN",,"PWRITES,W_CONCUR"
EVAL_DEV,SVM,ANOM_SVM_TUNE_0_02_202610070037,110,app_error_burst,HIGH,2026-10-05 18:09:01,2026-10-05 18:25:03,16.03,N,,,,,,,,,,"APP_ERR_PCT,COMMITS,TXN",,
EVAL_DEV,EM,ANOM_EM_TUNE_0_02_202610070037,110,app_error_burst,HIGH,2026-10-05 18:09:01,2026-10-05 18:25:03,16.03,Y,2026-10-05 18:10:30,1.4833,3.1264,2026-10-05 18:12:08.584,W_APPL,N,0,0,1,"APP_ERR_PCT,COMMITS,TXN",,W_APPL
EVAL_DEV,PCA,ANOM_PCA_TUNE_99_202610070037,110,app_error_burst,HIGH,2026-10-05 18:09:01,2026-10-05 18:25:03,16.03,N,,,,,,,,,,"APP_ERR_PCT,COMMITS,TXN",,
EVAL_DEV,IFOREST,IFOREST_0.02,110,app_error_burst,HIGH,2026-10-05 18:09:01,2026-10-05 18:25:03,16.03,N,,,,,,,,,,"APP_ERR_PCT,COMMITS,TXN",,
EVAL_DEV,STATIC,ANOM_STATIC_FINAL_202610050007,110,app_error_burst,HIGH,2026-10-05 18:09:01,2026-10-05 18:25:03,16.03,N,,,,,,,,,,"APP_ERR_PCT,COMMITS,TXN",,
EVAL_DEV,SEASONAL,ANOM_SEASONAL_TUNE_3_202610070037,110,app_error_burst,HIGH,2026-10-05 18:09:01,2026-10-05 18:25:03,16.03,N,,,,,,,,,,"APP_ERR_PCT,COMMITS,TXN",,
EVAL_DEV,MSET,ANOM_MSET_FINAL_202610050007,111,plan_regression,HIGH,2026-10-05 19:33:01,2026-10-05 19:52:01,19,Y,2026-10-05 19:34:30,1.4833,3.1458,2026-10-05 19:36:09.748,"W_CONFIG,W_CONCUR,WAIT_RATIO,TXN,SQL_RT,SESSIONS,RT_TXN,REDO,PWRITES,LOGONS,LIO_TXN,LIO,HARDPARSE,CPU,COMMITS,BLKCHG",Y,1,0.489286,16,"APP_P95_MS,CPU_TXN,LIO,LIO_TXN,RT_TXN",,"W_CONFIG,W_CONCUR,WAIT_RATIO,TXN,SQL_RT"
EVAL_DEV,SVM,ANOM_SVM_TUNE_0_02_202610070037,111,plan_regression,HIGH,2026-10-05 19:33:01,2026-10-05 19:52:01,19,Y,2026-10-05 19:34:30,1.4833,3.1492,2026-10-05 19:36:09.952,"LIO,LIO_TXN,CPU",Y,1,1,1,"APP_P95_MS,CPU_TXN,LIO,LIO_TXN,RT_TXN",,"LIO,LIO_TXN,CPU,CPU_TXN,SQL_RT"
EVAL_DEV,EM,ANOM_EM_TUNE_0_02_202610070037,111,plan_regression,HIGH,2026-10-05 19:33:01,2026-10-05 19:52:01,19,Y,2026-10-05 19:34:30,1.4833,3.1358,2026-10-05 19:36:09.150,,N,0,0,,"APP_P95_MS,CPU_TXN,LIO,LIO_TXN,RT_TXN",,
EVAL_DEV,PCA,ANOM_PCA_TUNE_99_202610070037,111,plan_regression,HIGH,2026-10-05 19:33:01,2026-10-05 19:52:01,19,Y,2026-10-05 19:34:30,1.4833,3.147,2026-10-05 19:36:09.822,"LIO_TXN,LIO,TEMP",Y,1,1,1,"APP_P95_MS,CPU_TXN,LIO,LIO_TXN,RT_TXN",,"LIO_TXN,LIO,TEMP,W_CONCUR,PWRITES"
EVAL_DEV,IFOREST,IFOREST_0.02,111,plan_regression,HIGH,2026-10-05 19:33:01,2026-10-05 19:52:01,19,Y,2026-10-05 19:34:30,1.4833,,,,,,,,"APP_P95_MS,CPU_TXN,LIO,LIO_TXN,RT_TXN",,
EVAL_DEV,STATIC,ANOM_STATIC_FINAL_202610050007,111,plan_regression,HIGH,2026-10-05 19:33:01,2026-10-05 19:52:01,19,Y,2026-10-05 19:34:30,1.4833,3.1481,2026-10-05 19:36:09.886,"LONGSCANS,LIO_TXN,LIO",Y,1,1,1,"APP_P95_MS,CPU_TXN,LIO,LIO_TXN,RT_TXN","LONGSCANS,LIO_TXN,LIO,SQL_RT,CPU_TXN,RT_TXN","LONGSCANS,LIO_TXN,LIO,SQL_RT,APP_P95_MS"
EVAL_DEV,SEASONAL,ANOM_SEASONAL_TUNE_3_202610070037,111,plan_regression,HIGH,2026-10-05 19:33:01,2026-10-05 19:52:01,19,N,,,,,,,,,,"APP_P95_MS,CPU_TXN,LIO,LIO_TXN,RT_TXN",,
EVAL_DEV,MSET,ANOM_MSET_FINAL_202610050007,112,blocking_chain,HIGH,2026-10-05 20:56:00,2026-10-05 21:07:01,11.02,Y,2026-10-05 20:59:31,3.5167,8.148,2026-10-05 21:04:08.879,"W_CONFIG,W_CONCUR,W_COMMIT,W_APPL,WAIT_RATIO,TEMP,SQL_RT,SESSIONS,RT_TXN,REDO,PWRITES,LOGONS,LIO_TXN,HARDPARSE,ENQ_WAITS,DBTIME,CPU_TXN,CPU,BLKCHG,APP_TPS,AAS",Y,1,0.386466,21,"APP_P95_MS,COMMITS,ENQ_WAITS,RT_TXN,W_APPL",,"W_CONFIG,W_CONCUR,W_COMMIT,W_APPL,WAIT_RATIO"
EVAL_DEV,SVM,ANOM_SVM_TUNE_0_02_202610070037,112,blocking_chain,HIGH,2026-10-05 20:56:00,2026-10-05 21:07:01,11.02,N,,,,,,,,,,"APP_P95_MS,COMMITS,ENQ_WAITS,RT_TXN,W_APPL",,
EVAL_DEV,EM,ANOM_EM_TUNE_0_02_202610070037,112,blocking_chain,HIGH,2026-10-05 20:56:00,2026-10-05 21:07:01,11.02,N,,,,,,,,,,"APP_P95_MS,COMMITS,ENQ_WAITS,RT_TXN,W_APPL",,
EVAL_DEV,PCA,ANOM_PCA_TUNE_99_202610070037,112,blocking_chain,HIGH,2026-10-05 20:56:00,2026-10-05 21:07:01,11.02,N,,,,,,,,,,"APP_P95_MS,COMMITS,ENQ_WAITS,RT_TXN,W_APPL",,
EVAL_DEV,IFOREST,IFOREST_0.02,112,blocking_chain,HIGH,2026-10-05 20:56:00,2026-10-05 21:07:01,11.02,N,,,,,,,,,,"APP_P95_MS,COMMITS,ENQ_WAITS,RT_TXN,W_APPL",,
EVAL_DEV,STATIC,ANOM_STATIC_FINAL_202610050007,112,blocking_chain,HIGH,2026-10-05 20:56:00,2026-10-05 21:07:01,11.02,N,,,,,,,,,,"APP_P95_MS,COMMITS,ENQ_WAITS,RT_TXN,W_APPL",,
EVAL_DEV,SEASONAL,ANOM_SEASONAL_TUNE_3_202610070037,112,blocking_chain,HIGH,2026-10-05 20:56:00,2026-10-05 21:07:01,11.02,N,,,,,,,,,,"APP_P95_MS,COMMITS,ENQ_WAITS,RT_TXN,W_APPL",,
EVAL_DEV,MSET,ANOM_MSET_FINAL_202610050007,113,app_error_burst,HIGH,2026-10-05 22:16:01,2026-10-05 22:33:02,17.02,Y,2026-10-05 22:18:30,2.4833,4.1476,2026-10-05 22:20:09.855,"PWRITES,W_CONCUR",N,0,0,1,"APP_ERR_PCT,COMMITS,TXN",,"PWRITES,W_CONCUR"
EVAL_DEV,SVM,ANOM_SVM_TUNE_0_02_202610070037,113,app_error_burst,HIGH,2026-10-05 22:16:01,2026-10-05 22:33:02,17.02,N,,,,,,,,,,"APP_ERR_PCT,COMMITS,TXN",,
EVAL_DEV,EM,ANOM_EM_TUNE_0_02_202610070037,113,app_error_burst,HIGH,2026-10-05 22:16:01,2026-10-05 22:33:02,17.02,N,,,,,,,,,,"APP_ERR_PCT,COMMITS,TXN",,
EVAL_DEV,PCA,ANOM_PCA_TUNE_99_202610070037,113,app_error_burst,HIGH,2026-10-05 22:16:01,2026-10-05 22:33:02,17.02,N,,,,,,,,,,"APP_ERR_PCT,COMMITS,TXN",,
EVAL_DEV,IFOREST,IFOREST_0.02,113,app_error_burst,HIGH,2026-10-05 22:16:01,2026-10-05 22:33:02,17.02,N,,,,,,,,,,"APP_ERR_PCT,COMMITS,TXN",,
EVAL_DEV,STATIC,ANOM_STATIC_FINAL_202610050007,113,app_error_burst,HIGH,2026-10-05 22:16:01,2026-10-05 22:33:02,17.02,N,,,,,,,,,,"APP_ERR_PCT,COMMITS,TXN",,
EVAL_DEV,SEASONAL,ANOM_SEASONAL_TUNE_3_202610070037,113,app_error_burst,HIGH,2026-10-05 22:16:01,2026-10-05 22:33:02,17.02,N,,,,,,,,,,"APP_ERR_PCT,COMMITS,TXN",,
EVAL_TEST,MSET,ANOM_MSET_FINAL_202610050007,114,io_storm,HIGH,2026-10-06 01:01:01,2026-10-06 01:31:04,30.05,Y,2026-10-06 01:01:30,0.4833,2.1416,2026-10-06 01:03:09.493,"W_CONCUR,WAIT_RATIO,SQL_RT,SESSIONS,REDO,PWRITES,LIO_TXN,LIO,HARDPARSE,ENQ_WAITS,CPU_TXN,BLKCHG",N,0,0,12,"LONGSCANS,PIO,PIO_BYTES,W_USERIO",,"W_CONCUR,WAIT_RATIO,SQL_RT,SESSIONS,REDO"
EVAL_TEST,SVM,ANOM_SVM_TUNE_0_02_202610070037,114,io_storm,HIGH,2026-10-06 01:01:01,2026-10-06 01:31:04,30.05,Y,2026-10-06 01:01:30,0.4833,2.1448,2026-10-06 01:03:09.685,,N,0,0,,"LONGSCANS,PIO,PIO_BYTES,W_USERIO",,
EVAL_TEST,EM,ANOM_EM_TUNE_0_02_202610070037,114,io_storm,HIGH,2026-10-06 01:01:01,2026-10-06 01:31:04,30.05,Y,2026-10-06 01:01:30,0.4833,2.1323,2026-10-06 01:03:08.940,,N,0,0,,"LONGSCANS,PIO,PIO_BYTES,W_USERIO",,
EVAL_TEST,PCA,ANOM_PCA_TUNE_99_202610070037,114,io_storm,HIGH,2026-10-06 01:01:01,2026-10-06 01:31:04,30.05,Y,2026-10-06 01:01:30,0.4833,2.1425,2026-10-06 01:03:09.551,"PIO_BYTES,PIO,ENQ_WAITS",Y,1,1,1,"LONGSCANS,PIO,PIO_BYTES,W_USERIO",,"PIO_BYTES,PIO,ENQ_WAITS,LONGSCANS,W_APPL"
EVAL_TEST,IFOREST,IFOREST_0.02,114,io_storm,HIGH,2026-10-06 01:01:01,2026-10-06 01:31:04,30.05,Y,2026-10-06 01:01:30,0.4833,,,,,,,,"LONGSCANS,PIO,PIO_BYTES,W_USERIO",,
EVAL_TEST,STATIC,ANOM_STATIC_FINAL_202610050007,114,io_storm,HIGH,2026-10-06 01:01:01,2026-10-06 01:31:04,30.05,Y,2026-10-06 01:01:30,0.4833,2.1435,2026-10-06 01:03:09.608,"PIO,PIO_BYTES,LIO_TXN",Y,1,1,1,"LONGSCANS,PIO,PIO_BYTES,W_USERIO","PIO,PIO_BYTES,LIO_TXN,SQL_RT,CPU_TXN,LIO,RT_TXN,W_USERIO","PIO,PIO_BYTES,LIO_TXN,SQL_RT,CPU_TXN"
EVAL_TEST,SEASONAL,ANOM_SEASONAL_TUNE_3_202610070037,114,io_storm,HIGH,2026-10-06 01:01:01,2026-10-06 01:31:04,30.05,N,,,,,,,,,,"LONGSCANS,PIO,PIO_BYTES,W_USERIO",,
EVAL_TEST,MSET,ANOM_MSET_FINAL_202610050007,115,cpu_hog,HIGH,2026-10-06 02:37:01,2026-10-06 02:56:03,19.03,Y,2026-10-06 02:38:30,1.4833,3.1351,2026-10-06 02:40:09.107,"W_CONFIG,W_COMMIT,WAIT_RATIO,SQL_RT,RT_TXN,LIO_TXN,LIO,HARDPARSE,EXECS,CPU_TXN,CPU",Y,1,0.490909,11,"AAS,CPU,CPU_TXN,DBTIME",,"W_CONFIG,W_COMMIT,WAIT_RATIO,SQL_RT,RT_TXN"
EVAL_TEST,SVM,ANOM_SVM_TUNE_0_02_202610070037,115,cpu_hog,HIGH,2026-10-06 02:37:01,2026-10-06 02:56:03,19.03,Y,2026-10-06 02:38:30,1.4833,3.1386,2026-10-06 02:40:09.317,"CPU_TXN,SQL_RT,RT_TXN",Y,1,1,1,"AAS,CPU,CPU_TXN,DBTIME",,"CPU_TXN,SQL_RT,RT_TXN,CPU,DBTIME"
EVAL_TEST,EM,ANOM_EM_TUNE_0_02_202610070037,115,cpu_hog,HIGH,2026-10-06 02:37:01,2026-10-06 02:56:03,19.03,Y,2026-10-06 02:38:30,1.4833,3.1253,2026-10-06 02:40:08.520,,N,0,0,,"AAS,CPU,CPU_TXN,DBTIME",,
EVAL_TEST,PCA,ANOM_PCA_TUNE_99_202610070037,115,cpu_hog,HIGH,2026-10-06 02:37:01,2026-10-06 02:56:03,19.03,Y,2026-10-06 02:38:30,1.4833,3.1362,2026-10-06 02:40:09.173,"CPU_TXN,SQL_RT,WAIT_RATIO",Y,1,1,1,"AAS,CPU,CPU_TXN,DBTIME",,"CPU_TXN,SQL_RT,WAIT_RATIO,RT_TXN,APP_P50_MS"
EVAL_TEST,IFOREST,IFOREST_0.02,115,cpu_hog,HIGH,2026-10-06 02:37:01,2026-10-06 02:56:03,19.03,Y,2026-10-06 02:38:30,1.4833,,,,,,,,"AAS,CPU,CPU_TXN,DBTIME",,
EVAL_TEST,STATIC,ANOM_STATIC_FINAL_202610050007,115,cpu_hog,HIGH,2026-10-06 02:37:01,2026-10-06 02:56:03,19.03,Y,2026-10-06 02:38:30,1.4833,3.1375,2026-10-06 02:40:09.249,"SQL_RT,CPU_TXN,RT_TXN",Y,1,1,1,"AAS,CPU,CPU_TXN,DBTIME","SQL_RT,CPU_TXN,RT_TXN,CPU","SQL_RT,CPU_TXN,RT_TXN,CPU,AAS"
EVAL_TEST,SEASONAL,ANOM_SEASONAL_TUNE_3_202610070037,115,cpu_hog,HIGH,2026-10-06 02:37:01,2026-10-06 02:56:03,19.03,N,,,,,,,,,,"AAS,CPU,CPU_TXN,DBTIME",,
EVAL_TEST,MSET,ANOM_MSET_FINAL_202610050007,116,temp_spill,LOW,2026-10-06 04:13:00,2026-10-06 04:40:02,27.03,Y,2026-10-06 04:14:31,1.5167,3.1608,2026-10-06 04:16:09.647,"W_CONCUR,SQL_RT,REDO,PWRITES,PIO_BYTES,PIO,LIO_TXN,BLKCHG",Y,1,0.375,8,"PWRITES,TEMP,W_USERIO",,"W_CONCUR,SQL_RT,REDO,PWRITES,PIO_BYTES"
EVAL_TEST,SVM,ANOM_SVM_TUNE_0_02_202610070037,116,temp_spill,LOW,2026-10-06 04:13:00,2026-10-06 04:40:02,27.03,Y,2026-10-06 04:14:31,1.5167,3.1648,2026-10-06 04:16:09.889,"PIO_BYTES,PIO,PWRITES",Y,1,1,1,"PWRITES,TEMP,W_USERIO",,"PIO_BYTES,PIO,PWRITES,SQL_RT,CPU_TXN"
EVAL_TEST,EM,ANOM_EM_TUNE_0_02_202610070037,116,temp_spill,LOW,2026-10-06 04:13:00,2026-10-06 04:40:02,27.03,Y,2026-10-06 04:14:31,1.5167,3.1509,2026-10-06 04:16:09.054,,N,0,0,,"PWRITES,TEMP,W_USERIO",,
EVAL_TEST,PCA,ANOM_PCA_TUNE_99_202610070037,116,temp_spill,LOW,2026-10-06 04:13:00,2026-10-06 04:40:02,27.03,Y,2026-10-06 04:14:31,1.5167,3.1622,2026-10-06 04:16:09.730,"PIO_BYTES,PIO,ENQ_WAITS",N,0,0,1,"PWRITES,TEMP,W_USERIO",,"PIO_BYTES,PIO,ENQ_WAITS,REDO,BLKCHG"
EVAL_TEST,IFOREST,IFOREST_0.02,116,temp_spill,LOW,2026-10-06 04:13:00,2026-10-06 04:40:02,27.03,Y,2026-10-06 04:14:31,1.5167,,,,,,,,"PWRITES,TEMP,W_USERIO",,
EVAL_TEST,STATIC,ANOM_STATIC_FINAL_202610050007,116,temp_spill,LOW,2026-10-06 04:13:00,2026-10-06 04:40:02,27.03,Y,2026-10-06 04:14:31,1.5167,3.1635,2026-10-06 04:16:09.812,"PWRITES,PIO,PIO_BYTES",Y,1,1,1,"PWRITES,TEMP,W_USERIO","PWRITES,PIO,PIO_BYTES,SQL_RT,W_USERIO","PWRITES,PIO,PIO_BYTES,SQL_RT,W_USERIO"
EVAL_TEST,SEASONAL,ANOM_SEASONAL_TUNE_3_202610070037,116,temp_spill,LOW,2026-10-06 04:13:00,2026-10-06 04:40:02,27.03,N,,,,,,,,,,"PWRITES,TEMP,W_USERIO",,
EVAL_TEST,MSET,ANOM_MSET_FINAL_202610050007,117,plan_regression,LOW,2026-10-06 05:51:01,2026-10-06 06:25:02,34.02,Y,2026-10-06 05:52:30,1.4833,3.1327,2026-10-06 05:54:08.961,"W_CONFIG,REDO,BLKCHG",N,0,0,3,"APP_P95_MS,CPU_TXN,LIO,LIO_TXN,RT_TXN",,"W_CONFIG,REDO,BLKCHG,SQL_RT,LOGONS"
EVAL_TEST,SVM,ANOM_SVM_TUNE_0_02_202610070037,117,plan_regression,LOW,2026-10-06 05:51:01,2026-10-06 06:25:02,34.02,Y,2026-10-06 06:17:30,26.4833,28.1368,2026-10-06 06:19:09.205,"LIO,CPU,APP_P50_MS",Y,1,1,2,"APP_P95_MS,CPU_TXN,LIO,LIO_TXN,RT_TXN",,"LIO,CPU,APP_P50_MS,W_COMMIT,HARDPARSE"
EVAL_TEST,EM,ANOM_EM_TUNE_0_02_202610070037,117,plan_regression,LOW,2026-10-06 05:51:01,2026-10-06 06:25:02,34.02,Y,2026-10-06 05:52:30,1.4833,3.1245,2026-10-06 05:54:08.468,,N,0,0,,"APP_P95_MS,CPU_TXN,LIO,LIO_TXN,RT_TXN",,
EVAL_TEST,PCA,ANOM_PCA_TUNE_99_202610070037,117,plan_regression,LOW,2026-10-06 05:51:01,2026-10-06 06:25:02,34.02,N,,,,,,,,,,"APP_P95_MS,CPU_TXN,LIO,LIO_TXN,RT_TXN",,
EVAL_TEST,IFOREST,IFOREST_0.02,117,plan_regression,LOW,2026-10-06 05:51:01,2026-10-06 06:25:02,34.02,Y,2026-10-06 05:58:30,7.4833,,,,,,,,"APP_P95_MS,CPU_TXN,LIO,LIO_TXN,RT_TXN",,
EVAL_TEST,STATIC,ANOM_STATIC_FINAL_202610050007,117,plan_regression,LOW,2026-10-06 05:51:01,2026-10-06 06:25:02,34.02,Y,2026-10-06 06:02:30,11.4833,13.1366,2026-10-06 06:04:09.193,W_OTHER,N,0,0,1,"APP_P95_MS,CPU_TXN,LIO,LIO_TXN,RT_TXN",W_OTHER,W_OTHER
EVAL_TEST,SEASONAL,ANOM_SEASONAL_TUNE_3_202610070037,117,plan_regression,LOW,2026-10-06 05:51:01,2026-10-06 06:25:02,34.02,N,,,,,,,,,,"APP_P95_MS,CPU_TXN,LIO,LIO_TXN,RT_TXN",,
EVAL_TEST,MSET,ANOM_MSET_FINAL_202610050007,118,hard_parse_storm,LOW,2026-10-06 07:25:00,2026-10-06 07:42:02,17.03,Y,2026-10-06 07:25:30,0.5,2.1638,2026-10-06 07:27:09.825,"LOGONS,W_CONFIG,SQL_RT,REDO,HARDPARSE,EXECS,BLKCHG",Y,1,0.333333,6,"CPU,HARDPARSE,PARSE,W_CONCUR",,"LOGONS,W_CONFIG,SQL_RT,REDO,HARDPARSE"
EVAL_TEST,SVM,ANOM_SVM_TUNE_0_02_202610070037,118,hard_parse_storm,LOW,2026-10-06 07:25:00,2026-10-06 07:42:02,17.03,Y,2026-10-06 07:29:30,4.5,6.1589,2026-10-06 07:31:09.534,"HARDPARSE,W_COMMIT,LIO,EXECS,DBTIME,CPU,COMMITS,APP_P50_MS,AAS",Y,1,1,8,"CPU,HARDPARSE,PARSE,W_CONCUR",,"HARDPARSE,W_COMMIT,LIO,EXECS,DBTIME"
EVAL_TEST,EM,ANOM_EM_TUNE_0_02_202610070037,118,hard_parse_storm,LOW,2026-10-06 07:25:00,2026-10-06 07:42:02,17.03,Y,2026-10-06 07:26:31,1.5167,3.1389,2026-10-06 07:28:08.336,,N,0,0,,"CPU,HARDPARSE,PARSE,W_CONCUR",,
EVAL_TEST,PCA,ANOM_PCA_TUNE_99_202610070037,118,hard_parse_storm,LOW,2026-10-06 07:25:00,2026-10-06 07:42:02,17.03,Y,2026-10-06 07:27:31,2.5167,4.1492,2026-10-06 07:29:08.949,"HARDPARSE,EXECS,LONGSCANS",Y,1,1,1,"CPU,HARDPARSE,PARSE,W_CONCUR",,"HARDPARSE,EXECS,LONGSCANS,PARSE,ENQ_WAITS"
EVAL_TEST,IFOREST,IFOREST_0.02,118,hard_parse_storm,LOW,2026-10-06 07:25:00,2026-10-06 07:42:02,17.03,N,,,,,,,,,,"CPU,HARDPARSE,PARSE,W_CONCUR",,
EVAL_TEST,STATIC,ANOM_STATIC_FINAL_202610050007,118,hard_parse_storm,LOW,2026-10-06 07:25:00,2026-10-06 07:42:02,17.03,Y,2026-10-06 07:27:31,2.5167,4.1501,2026-10-06 07:29:09.008,HARDPARSE,Y,1,1,1,"CPU,HARDPARSE,PARSE,W_CONCUR",HARDPARSE,HARDPARSE
EVAL_TEST,SEASONAL,ANOM_SEASONAL_TUNE_3_202610070037,118,hard_parse_storm,LOW,2026-10-06 07:25:00,2026-10-06 07:42:02,17.03,N,,,,,,,,,,"CPU,HARDPARSE,PARSE,W_CONCUR",,
EVAL_TEST,MSET,ANOM_MSET_FINAL_202610050007,121,blocking_chain,HIGH,2026-10-06 09:02:01,2026-10-06 09:20:03,18.03,Y,2026-10-06 09:04:30,2.4833,6.1468,2026-10-06 09:08:09.810,"W_CONFIG,W_CONCUR,W_COMMIT,W_APPL,WAIT_RATIO,TEMP,SQL_RT,SESSIONS,RT_TXN,REDO,PWRITES,LIO_TXN,HARDPARSE,ENQ_WAITS,DBTIME,CPU_TXN,CPU,BLKCHG,APP_TPS,AAS",Y,1,0.403509,20,"APP_P95_MS,COMMITS,ENQ_WAITS,RT_TXN,W_APPL",,"W_CONFIG,W_CONCUR,W_COMMIT,W_APPL,WAIT_RATIO"
EVAL_TEST,SVM,ANOM_SVM_TUNE_0_02_202610070037,121,blocking_chain,HIGH,2026-10-06 09:02:01,2026-10-06 09:20:03,18.03,Y,2026-10-06 09:05:31,3.5,6.1509,2026-10-06 09:08:10.052,,N,0,0,,"APP_P95_MS,COMMITS,ENQ_WAITS,RT_TXN,W_APPL",,
EVAL_TEST,EM,ANOM_EM_TUNE_0_02_202610070037,121,blocking_chain,HIGH,2026-10-06 09:02:01,2026-10-06 09:20:03,18.03,N,,,,,,,,,,"APP_P95_MS,COMMITS,ENQ_WAITS,RT_TXN,W_APPL",,
EVAL_TEST,PCA,ANOM_PCA_TUNE_99_202610070037,121,blocking_chain,HIGH,2026-10-06 09:02:01,2026-10-06 09:20:03,18.03,Y,2026-10-06 09:05:31,3.5,6.1481,2026-10-06 09:08:09.883,"W_APPL,SQL_RT,W_OTHER",Y,1,1,1,"APP_P95_MS,COMMITS,ENQ_WAITS,RT_TXN,W_APPL",,"W_APPL,SQL_RT,W_OTHER,RT_TXN,W_USERIO"
EVAL_TEST,IFOREST,IFOREST_0.02,121,blocking_chain,HIGH,2026-10-06 09:02:01,2026-10-06 09:20:03,18.03,Y,2026-10-06 09:05:31,3.5,,,,,,,,"APP_P95_MS,COMMITS,ENQ_WAITS,RT_TXN,W_APPL",,
EVAL_TEST,STATIC,ANOM_STATIC_FINAL_202610050007,121,blocking_chain,HIGH,2026-10-06 09:02:01,2026-10-06 09:20:03,18.03,Y,2026-10-06 09:05:31,3.5,6.1492,2026-10-06 09:08:09.952,"RT_TXN,SQL_RT,W_APPL",Y,1,1,3,"APP_P95_MS,COMMITS,ENQ_WAITS,RT_TXN,W_APPL","RT_TXN,SQL_RT,W_APPL,AAS,DBTIME,APP_TPS,COMMITS,TXN,CALLS,EXECS,WAIT_RATIO,SESSIONS","RT_TXN,SQL_RT,W_APPL,AAS,DBTIME"
EVAL_TEST,SEASONAL,ANOM_SEASONAL_TUNE_3_202610070037,121,blocking_chain,HIGH,2026-10-06 09:02:01,2026-10-06 09:20:03,18.03,N,,,,,,,,,,"APP_P95_MS,COMMITS,ENQ_WAITS,RT_TXN,W_APPL",,
EVAL_TEST,MSET,ANOM_MSET_FINAL_202610050007,122,conn_leak,LOW,2026-10-06 10:33:02,2026-10-06 10:50:03,17.02,N,,,,,,,,,,"LOGONS,SESSIONS",,
EVAL_TEST,SVM,ANOM_SVM_TUNE_0_02_202610070037,122,conn_leak,LOW,2026-10-06 10:33:02,2026-10-06 10:50:03,17.02,Y,2026-10-06 10:34:30,1.4667,3.1238,2026-10-06 10:36:09.428,"SESSIONS,W_COMMIT,WAIT_RATIO,CPU,APP_P50_MS",Y,1,1,4,"LOGONS,SESSIONS",,"SESSIONS,W_COMMIT,WAIT_RATIO,CPU,APP_P50_MS"
EVAL_TEST,EM,ANOM_EM_TUNE_0_02_202610070037,122,conn_leak,LOW,2026-10-06 10:33:02,2026-10-06 10:50:03,17.02,N,,,,,,,,,,"LOGONS,SESSIONS",,
EVAL_TEST,PCA,ANOM_PCA_TUNE_99_202610070037,122,conn_leak,LOW,2026-10-06 10:33:02,2026-10-06 10:50:03,17.02,Y,2026-10-06 10:34:30,1.4667,3.1216,2026-10-06 10:36:09.297,"WAIT_RATIO,SESSIONS,W_CONFIG",Y,1,1,1,"LOGONS,SESSIONS",,"WAIT_RATIO,SESSIONS,W_CONFIG,PWRITES,W_USERIO"
EVAL_TEST,IFOREST,IFOREST_0.02,122,conn_leak,LOW,2026-10-06 10:33:02,2026-10-06 10:50:03,17.02,N,,,,,,,,,,"LOGONS,SESSIONS",,
EVAL_TEST,STATIC,ANOM_STATIC_FINAL_202610050007,122,conn_leak,LOW,2026-10-06 10:33:02,2026-10-06 10:50:03,17.02,Y,2026-10-06 10:34:30,1.4667,3.1228,2026-10-06 10:36:09.367,SESSIONS,Y,1,1,1,"LOGONS,SESSIONS",SESSIONS,SESSIONS
EVAL_TEST,SEASONAL,ANOM_SEASONAL_TUNE_3_202610070037,122,conn_leak,LOW,2026-10-06 10:33:02,2026-10-06 10:50:03,17.02,N,,,,,,,,,,"LOGONS,SESSIONS",,
EVAL_TEST,MSET,ANOM_MSET_FINAL_202610050007,123,app_error_burst,LOW,2026-10-06 11:57:01,2026-10-06 12:30:02,33.02,N,,,,,,,,,,"APP_ERR_PCT,COMMITS,TXN",,
EVAL_TEST,SVM,ANOM_SVM_TUNE_0_02_202610070037,123,app_error_burst,LOW,2026-10-06 11:57:01,2026-10-06 12:30:02,33.02,N,,,,,,,,,,"APP_ERR_PCT,COMMITS,TXN",,
EVAL_TEST,EM,ANOM_EM_TUNE_0_02_202610070037,123,app_error_burst,LOW,2026-10-06 11:57:01,2026-10-06 12:30:02,33.02,Y,2026-10-06 12:01:31,4.5,6.1322,2026-10-06 12:03:08.933,"PIO_BYTES,PIO,W_APPL",N,0,0,1,"APP_ERR_PCT,COMMITS,TXN",,"PIO_BYTES,PIO,W_APPL"
EVAL_TEST,PCA,ANOM_PCA_TUNE_99_202610070037,123,app_error_burst,LOW,2026-10-06 11:57:01,2026-10-06 12:30:02,33.02,N,,,,,,,,,,"APP_ERR_PCT,COMMITS,TXN",,
EVAL_TEST,IFOREST,IFOREST_0.02,123,app_error_burst,LOW,2026-10-06 11:57:01,2026-10-06 12:30:02,33.02,N,,,,,,,,,,"APP_ERR_PCT,COMMITS,TXN",,
EVAL_TEST,STATIC,ANOM_STATIC_FINAL_202610050007,123,app_error_burst,LOW,2026-10-06 11:57:01,2026-10-06 12:30:02,33.02,N,,,,,,,,,,"APP_ERR_PCT,COMMITS,TXN",,
EVAL_TEST,SEASONAL,ANOM_SEASONAL_TUNE_3_202610070037,123,app_error_burst,LOW,2026-10-06 11:57:01,2026-10-06 12:30:02,33.02,N,,,,,,,,,,"APP_ERR_PCT,COMMITS,TXN",,
EVAL_TEST,MSET,ANOM_MSET_FINAL_202610050007,124,batch_wrong_time,LOW,2026-10-06 13:20:01,2026-10-06 13:34:01,14,Y,2026-10-06 13:21:31,1.5,3.1388,2026-10-06 13:23:09.327,"W_CONFIG,W_CONCUR,SQL_RT,RT_TXN,REDO,PWRITES,PIO_BYTES,PIO,LIO_TXN,LIO,BLKCHG",Y,1,0.787879,11,"BLKCHG,LIO,PWRITES,REDO,W_COMMIT",,"W_CONFIG,W_CONCUR,SQL_RT,RT_TXN,REDO"
EVAL_TEST,SVM,ANOM_SVM_TUNE_0_02_202610070037,124,batch_wrong_time,LOW,2026-10-06 13:20:01,2026-10-06 13:34:01,14,Y,2026-10-06 13:21:31,1.5,3.1427,2026-10-06 13:23:09.561,"PWRITES,PIO_BYTES,PIO",Y,1,1,2,"BLKCHG,LIO,PWRITES,REDO,W_COMMIT",,"PWRITES,PIO_BYTES,PIO,BLKCHG,REDO"
EVAL_TEST,EM,ANOM_EM_TUNE_0_02_202610070037,124,batch_wrong_time,LOW,2026-10-06 13:20:01,2026-10-06 13:34:01,14,Y,2026-10-06 13:21:31,1.5,3.1284,2026-10-06 13:23:08.706,,N,0,0,,"BLKCHG,LIO,PWRITES,REDO,W_COMMIT",,
EVAL_TEST,PCA,ANOM_PCA_TUNE_99_202610070037,124,batch_wrong_time,LOW,2026-10-06 13:20:01,2026-10-06 13:34:01,14,Y,2026-10-06 13:21:31,1.5,3.1401,2026-10-06 13:23:09.408,"PWRITES,LIO_TXN,WAIT_RATIO",Y,1,1,1,"BLKCHG,LIO,PWRITES,REDO,W_COMMIT",,"PWRITES,LIO_TXN,WAIT_RATIO,REDO,BLKCHG"
EVAL_TEST,IFOREST,IFOREST_0.02,124,batch_wrong_time,LOW,2026-10-06 13:20:01,2026-10-06 13:34:01,14,Y,2026-10-06 13:21:31,1.5,,,,,,,,"BLKCHG,LIO,PWRITES,REDO,W_COMMIT",,
EVAL_TEST,STATIC,ANOM_STATIC_FINAL_202610050007,124,batch_wrong_time,LOW,2026-10-06 13:20:01,2026-10-06 13:34:01,14,Y,2026-10-06 13:21:31,1.5,3.1415,2026-10-06 13:23:09.489,"PWRITES,BLKCHG,REDO",Y,1,1,1,"BLKCHG,LIO,PWRITES,REDO,W_COMMIT","PWRITES,BLKCHG,REDO,PIO,PIO_BYTES,LIO_TXN,SQL_RT,LIO,W_CONFIG","PWRITES,BLKCHG,REDO,PIO,PIO_BYTES"
EVAL_TEST,SEASONAL,ANOM_SEASONAL_TUNE_3_202610070037,124,batch_wrong_time,LOW,2026-10-06 13:20:01,2026-10-06 13:34:01,14,N,,,,,,,,,,"BLKCHG,LIO,PWRITES,REDO,W_COMMIT",,
EVAL_TEST,MSET,ANOM_MSET_FINAL_202610050007,125,logon_storm,LOW,2026-10-06 14:47:01,2026-10-06 14:59:01,12,Y,2026-10-06 14:48:31,1.5,3.145,2026-10-06 14:50:09.699,"W_COMMIT,WAIT_RATIO,TXN,SESSIONS,REDO,LOGONS,LIO_TXN,LIO,HARDPARSE,EXECS,ENQ_WAITS,CPU_TXN,CPU,CALLS,BLKCHG,APP_TPS",Y,1,0.35,16,"CPU,LOGONS,W_OTHER",,"W_COMMIT,WAIT_RATIO,TXN,SESSIONS,REDO"
EVAL_TEST,SVM,ANOM_SVM_TUNE_0_02_202610070037,125,logon_storm,LOW,2026-10-06 14:47:01,2026-10-06 14:59:01,12,Y,2026-10-06 14:48:31,1.5,3.1486,2026-10-06 14:50:09.915,LOGONS,Y,1,1,1,"CPU,LOGONS,W_OTHER",,LOGONS
EVAL_TEST,EM,ANOM_EM_TUNE_0_02_202610070037,125,logon_storm,LOW,2026-10-06 14:47:01,2026-10-06 14:59:01,12,Y,2026-10-06 14:48:31,1.5,3.1365,2026-10-06 14:50:09.190,,N,0,0,,"CPU,LOGONS,W_OTHER",,
EVAL_TEST,PCA,ANOM_PCA_TUNE_99_202610070037,125,logon_storm,LOW,2026-10-06 14:47:01,2026-10-06 14:59:01,12,Y,2026-10-06 14:48:31,1.5,3.1462,2026-10-06 14:50:09.773,"PWRITES,LOGONS,SESSIONS",Y,1,1,1,"CPU,LOGONS,W_OTHER",,"PWRITES,LOGONS,SESSIONS,BLKCHG,W_CONFIG"
EVAL_TEST,IFOREST,IFOREST_0.02,125,logon_storm,LOW,2026-10-06 14:47:01,2026-10-06 14:59:01,12,Y,2026-10-06 14:48:31,1.5,,,,,,,,"CPU,LOGONS,W_OTHER",,
EVAL_TEST,STATIC,ANOM_STATIC_FINAL_202610050007,125,logon_storm,LOW,2026-10-06 14:47:01,2026-10-06 14:59:01,12,Y,2026-10-06 14:48:31,1.5,3.1472,2026-10-06 14:50:09.834,"LOGONS,CPU_TXN,RT_TXN",Y,1,1,1,"CPU,LOGONS,W_OTHER","LOGONS,CPU_TXN,RT_TXN,W_OTHER,CPU","LOGONS,CPU_TXN,RT_TXN,W_OTHER,CPU"
EVAL_TEST,SEASONAL,ANOM_SEASONAL_TUNE_3_202610070037,125,logon_storm,LOW,2026-10-06 14:47:01,2026-10-06 14:59:01,12,N,,,,,,,,,,"CPU,LOGONS,W_OTHER",,
EVAL_TEST,MSET,ANOM_MSET_FINAL_202610050007,126,slow_drift,LOW,2026-10-06 16:13:01,2026-10-06 19:13:05,180.07,Y,2026-10-06 17:10:31,57.5,59.1377,2026-10-06 17:12:09.263,"REDO,BLKCHG",N,0,0,1,"APP_P95_MS,CPU_TXN,LIO_TXN,RT_TXN",,"REDO,BLKCHG"
EVAL_TEST,SVM,ANOM_SVM_TUNE_0_02_202610070037,126,slow_drift,LOW,2026-10-06 16:13:01,2026-10-06 19:13:05,180.07,N,,,,,,,,,,"APP_P95_MS,CPU_TXN,LIO_TXN,RT_TXN",,
EVAL_TEST,EM,ANOM_EM_TUNE_0_02_202610070037,126,slow_drift,LOW,2026-10-06 16:13:01,2026-10-06 19:13:05,180.07,Y,2026-10-06 16:18:30,5.4833,7.1285,2026-10-06 16:20:08.712,"W_USERIO,PIO_BYTES,PIO",N,0,0,3,"APP_P95_MS,CPU_TXN,LIO_TXN,RT_TXN",,"W_USERIO,PIO_BYTES,PIO,LIO_TXN"
EVAL_TEST,PCA,ANOM_PCA_TUNE_99_202610070037,126,slow_drift,LOW,2026-10-06 16:13:01,2026-10-06 19:13:05,180.07,N,,,,,,,,,,"APP_P95_MS,CPU_TXN,LIO_TXN,RT_TXN",,
EVAL_TEST,IFOREST,IFOREST_0.02,126,slow_drift,LOW,2026-10-06 16:13:01,2026-10-06 19:13:05,180.07,Y,2026-10-06 18:18:30,125.4833,,,,,,,,"APP_P95_MS,CPU_TXN,LIO_TXN,RT_TXN",,
EVAL_TEST,STATIC,ANOM_STATIC_FINAL_202610050007,126,slow_drift,LOW,2026-10-06 16:13:01,2026-10-06 19:13:05,180.07,Y,2026-10-06 16:18:30,5.4833,7.1412,2026-10-06 16:20:09.473,W_USERIO,N,0,0,1,"APP_P95_MS,CPU_TXN,LIO_TXN,RT_TXN",W_USERIO,W_USERIO
EVAL_TEST,SEASONAL,ANOM_SEASONAL_TUNE_3_202610070037,126,slow_drift,LOW,2026-10-06 16:13:01,2026-10-06 19:13:05,180.07,N,,,,,,,,,,"APP_P95_MS,CPU_TXN,LIO_TXN,RT_TXN",,
EVAL_TEST,MSET,ANOM_MSET_FINAL_202610050007,127,commit_storm,HIGH,2026-10-06 19:58:01,2026-10-06 20:10:03,12.03,Y,2026-10-06 19:59:30,1.4833,3.1394,2026-10-06 20:01:09.364,"W_COMMIT,TXN,SQL_RT,SESSIONS,REDO,PARSE,LOGONS,HARDPARSE,EXECS,ENQ_WAITS,COMMITS,CALLS,BLKCHG,APP_TPS",Y,1,0.546703,14,"COMMITS,REDO,W_COMMIT,W_CONFIG",,"W_COMMIT,TXN,SQL_RT,SESSIONS,REDO"
EVAL_TEST,SVM,ANOM_SVM_TUNE_0_02_202610070037,127,commit_storm,HIGH,2026-10-06 19:58:01,2026-10-06 20:10:03,12.03,Y,2026-10-06 19:59:30,1.4833,3.1439,2026-10-06 20:01:09.631,"COMMITS,TXN,W_COMMIT",Y,1,1,1,"COMMITS,REDO,W_COMMIT,W_CONFIG",,"COMMITS,TXN,W_COMMIT,WAIT_RATIO,DBTIME"
EVAL_TEST,EM,ANOM_EM_TUNE_0_02_202610070037,127,commit_storm,HIGH,2026-10-06 19:58:01,2026-10-06 20:10:03,12.03,Y,2026-10-06 19:59:30,1.4833,3.1286,2026-10-06 20:01:08.718,,N,0,0,,"COMMITS,REDO,W_COMMIT,W_CONFIG",,
EVAL_TEST,PCA,ANOM_PCA_TUNE_99_202610070037,127,commit_storm,HIGH,2026-10-06 19:58:01,2026-10-06 20:10:03,12.03,Y,2026-10-06 19:59:30,1.4833,3.141,2026-10-06 20:01:09.457,"COMMITS,W_COMMIT,APP_TPS",Y,1,1,1,"COMMITS,REDO,W_COMMIT,W_CONFIG",,"COMMITS,W_COMMIT,APP_TPS,CALLS,CPU"
EVAL_TEST,IFOREST,IFOREST_0.02,127,commit_storm,HIGH,2026-10-06 19:58:01,2026-10-06 20:10:03,12.03,Y,2026-10-06 19:59:30,1.4833,,,,,,,,"COMMITS,REDO,W_COMMIT,W_CONFIG",,
EVAL_TEST,STATIC,ANOM_STATIC_FINAL_202610050007,127,commit_storm,HIGH,2026-10-06 19:58:01,2026-10-06 20:10:03,12.03,Y,2026-10-06 19:59:30,1.4833,3.1423,2026-10-06 20:01:09.540,"COMMITS,W_COMMIT,TXN",Y,1,1,1,"COMMITS,REDO,W_COMMIT,W_CONFIG","COMMITS,W_COMMIT,TXN,WAIT_RATIO","COMMITS,W_COMMIT,TXN,WAIT_RATIO,AAS"
EVAL_TEST,SEASONAL,ANOM_SEASONAL_TUNE_3_202610070037,127,commit_storm,HIGH,2026-10-06 19:58:01,2026-10-06 20:10:03,12.03,N,,,,,,,,,,"COMMITS,REDO,W_COMMIT,W_CONFIG",,
EVAL_TEST,MSET,ANOM_MSET_FINAL_202610050007,128,conn_leak,HIGH,2026-10-06 21:31:01,2026-10-06 22:11:02,40.02,Y,2026-10-06 21:32:30,1.4833,3.1375,2026-10-06 21:34:09.252,"SESSIONS,LOGONS",Y,1,1,1,"LOGONS,SESSIONS",,"SESSIONS,LOGONS"
EVAL_TEST,SVM,ANOM_SVM_TUNE_0_02_202610070037,128,conn_leak,HIGH,2026-10-06 21:31:01,2026-10-06 22:11:02,40.02,Y,2026-10-06 21:32:30,1.4833,3.1407,2026-10-06 21:34:09.440,SESSIONS,Y,1,1,1,"LOGONS,SESSIONS",,SESSIONS
EVAL_TEST,EM,ANOM_EM_TUNE_0_02_202610070037,128,conn_leak,HIGH,2026-10-06 21:31:01,2026-10-06 22:11:02,40.02,Y,2026-10-06 22:01:31,30.5,32.1374,2026-10-06 22:03:09.242,"PIO_BYTES,PIO,CALLS,APP_TPS",N,0,0,2,"LOGONS,SESSIONS",,"PIO_BYTES,PIO,CALLS,APP_TPS,TXN"
EVAL_TEST,PCA,ANOM_PCA_TUNE_99_202610070037,128,conn_leak,HIGH,2026-10-06 21:31:01,2026-10-06 22:11:02,40.02,Y,2026-10-06 21:32:30,1.4833,3.1386,2026-10-06 21:34:09.313,"WAIT_RATIO,SESSIONS,W_CONFIG",Y,1,1,1,"LOGONS,SESSIONS",,"WAIT_RATIO,SESSIONS,W_CONFIG,PWRITES,W_USERIO"
EVAL_TEST,IFOREST,IFOREST_0.02,128,conn_leak,HIGH,2026-10-06 21:31:01,2026-10-06 22:11:02,40.02,Y,2026-10-06 22:01:31,30.5,,,,,,,,"LOGONS,SESSIONS",,
EVAL_TEST,STATIC,ANOM_STATIC_FINAL_202610050007,128,conn_leak,HIGH,2026-10-06 21:31:01,2026-10-06 22:11:02,40.02,Y,2026-10-06 21:32:30,1.4833,3.1395,2026-10-06 21:34:09.368,SESSIONS,Y,1,1,1,"LOGONS,SESSIONS",SESSIONS,SESSIONS
EVAL_TEST,SEASONAL,ANOM_SEASONAL_TUNE_3_202610070037,128,conn_leak,HIGH,2026-10-06 21:31:01,2026-10-06 22:11:02,40.02,N,,,,,,,,,,"LOGONS,SESSIONS",,
EVAL_TEST,MSET,ANOM_MSET_FINAL_202610050007,129,conn_leak,HIGH,2026-10-06 23:00:01,2026-10-06 23:31:02,31.02,Y,2026-10-06 23:01:30,1.4833,3.1344,2026-10-06 23:03:09.062,"SESSIONS,PWRITES,LOGONS",Y,1,1,2,"LOGONS,SESSIONS",,"SESSIONS,PWRITES,LOGONS"
EVAL_TEST,SVM,ANOM_SVM_TUNE_0_02_202610070037,129,conn_leak,HIGH,2026-10-06 23:00:01,2026-10-06 23:31:02,31.02,Y,2026-10-06 23:01:30,1.4833,3.1378,2026-10-06 23:03:09.266,SESSIONS,Y,1,1,1,"LOGONS,SESSIONS",,SESSIONS
EVAL_TEST,EM,ANOM_EM_TUNE_0_02_202610070037,129,conn_leak,HIGH,2026-10-06 23:00:01,2026-10-06 23:31:02,31.02,N,,,,,,,,,,"LOGONS,SESSIONS",,
EVAL_TEST,PCA,ANOM_PCA_TUNE_99_202610070037,129,conn_leak,HIGH,2026-10-06 23:00:01,2026-10-06 23:31:02,31.02,Y,2026-10-06 23:01:30,1.4833,3.1355,2026-10-06 23:03:09.128,"WAIT_RATIO,SESSIONS,W_CONFIG",Y,1,1,1,"LOGONS,SESSIONS",,"WAIT_RATIO,SESSIONS,W_CONFIG,PWRITES,W_USERIO"
EVAL_TEST,IFOREST,IFOREST_0.02,129,conn_leak,HIGH,2026-10-06 23:00:01,2026-10-06 23:31:02,31.02,N,,,,,,,,,,"LOGONS,SESSIONS",,
EVAL_TEST,STATIC,ANOM_STATIC_FINAL_202610050007,129,conn_leak,HIGH,2026-10-06 23:00:01,2026-10-06 23:31:02,31.02,Y,2026-10-06 23:01:30,1.4833,3.1367,2026-10-06 23:03:09.201,SESSIONS,Y,1,1,1,"LOGONS,SESSIONS",SESSIONS,SESSIONS
EVAL_TEST,SEASONAL,ANOM_SEASONAL_TUNE_3_202610070037,129,conn_leak,HIGH,2026-10-06 23:00:01,2026-10-06 23:31:02,31.02,N,,,,,,,,,,"LOGONS,SESSIONS",,
