RUN_TAG,DETECTOR,MODEL_NAME,SLICE,N_INCIDENTS,N_CAUGHT,TTD_MEDIAN,TTD_P90,TTD_WRITE_MEDIAN,TTD_WRITE_P90,ATTR_P_MEAN,N_LENIENT_HIT,N_LENIENT_SCORED,LENIENT_RATE,TIE_SIZE_MEDIAN,N_FALSE_ALARMS,FA_PER_24H,HOURS,N_CAUGHT_NO_DETAILS
EVAL_DEV,MSET,ANOM_MSET_FINAL_202610050007,LOW,4,4,1.475,1.495,3.1378,3.1551,0.543561,4,4,1,7,,,,0
EVAL_DEV,MSET,ANOM_MSET_FINAL_202610050007,HIGH,10,9,1.5,6.71,3.1458,10.7452,0.387904,6,9,0.666667,12,,,,0
EVAL_DEV,MSET,ANOM_MSET_FINAL_202610050007,ALL,14,13,1.4833,3.31,3.1451,7.3479,0.435798,10,13,0.769231,9,1,1,24,0
EVAL_DEV,SVM,ANOM_SVM_TUNE_0_02_202610070037,LOW,4,2,1.475,1.4816,3.1409,3.1433,0.5,1,2,0.5,5,,,,1
EVAL_DEV,SVM,ANOM_SVM_TUNE_0_02_202610070037,HIGH,10,7,1.4833,31.0933,3.1481,32.749,0.607143,5,7,0.714286,1.5,,,,1
EVAL_DEV,SVM,ANOM_SVM_TUNE_0_02_202610070037,ALL,14,9,1.4833,16.2967,3.1439,17.9538,0.583333,6,9,0.666667,2,0,0,24,2
EVAL_DEV,EM,ANOM_EM_TUNE_0_02_202610070037,LOW,4,4,1.9917,2.5117,3.6311,4.1348,0.25,1,4,0.25,1,,,,3
EVAL_DEV,EM,ANOM_EM_TUNE_0_02_202610070037,HIGH,10,7,1.4833,8.2867,3.1297,9.9368,0.142857,1,7,0.142857,1,,,,5
EVAL_DEV,EM,ANOM_EM_TUNE_0_02_202610070037,ALL,14,11,1.4833,2.5167,3.1312,4.1364,0.181818,2,11,0.181818,1,0,0,24,8
EVAL_DEV,PCA,ANOM_PCA_TUNE_99_202610070037,LOW,4,3,1.4833,2.2967,3.1413,3.942,1,3,3,1,1,,,,0
EVAL_DEV,PCA,ANOM_PCA_TUNE_99_202610070037,HIGH,10,7,1.4833,27.9,3.1461,29.5461,0.714286,5,7,0.714286,1,,,,0
EVAL_DEV,PCA,ANOM_PCA_TUNE_99_202610070037,ALL,14,10,1.4833,9,3.1437,10.641,0.8,8,10,0.8,1,0,0,24,0
EVAL_DEV,IFOREST,IFOREST_0.02,LOW,4,3,4.4833,13.27,,,,,,,,,,,
EVAL_DEV,IFOREST,IFOREST_0.02,HIGH,10,6,1.4917,18.4917,,,,,,,,,,,
EVAL_DEV,IFOREST,IFOREST_0.02,ALL,14,9,1.5,19.47,,,,,,,,0,0,24,
EVAL_DEV,STATIC,ANOM_STATIC_FINAL_202610050007,LOW,4,4,1.475,1.495,3.1398,3.1573,0.75,3,4,0.75,1,,,,0
EVAL_DEV,STATIC,ANOM_STATIC_FINAL_202610050007,HIGH,10,7,1.4833,29.0933,3.1471,30.7501,0.857143,6,7,0.857143,1,,,,0
EVAL_DEV,STATIC,ANOM_STATIC_FINAL_202610050007,ALL,14,11,1.4833,1.5,3.1426,3.1636,0.818182,9,11,0.818182,1,0,0,24,0
EVAL_DEV,SEASONAL,ANOM_SEASONAL_TUNE_3_202610070037,LOW,4,0,,,,,,0,0,,,,,,0
EVAL_DEV,SEASONAL,ANOM_SEASONAL_TUNE_3_202610070037,HIGH,10,0,,,,,,0,0,,,,,,0
EVAL_DEV,SEASONAL,ANOM_SEASONAL_TUNE_3_202610070037,ALL,14,0,,,,,,0,0,,,1,1,24,0
EVAL_TEST,MSET,ANOM_MSET_FINAL_202610050007,LOW,8,6,1.5,29.5084,3.1419,31.1493,0.307702,4,6,0.666667,7,,,,0
EVAL_TEST,MSET,ANOM_MSET_FINAL_202610050007,HIGH,6,6,1.4833,1.9833,3.1363,4.6431,0.57352,5,6,0.833333,11.5,,,,0
EVAL_TEST,MSET,ANOM_MSET_FINAL_202610050007,ALL,14,12,1.4833,2.3866,3.1382,5.8482,0.440611,9,12,0.75,9.5,3,3,24,0
EVAL_TEST,SVM,ANOM_SVM_TUNE_0_02_202610070037,LOW,8,6,1.5084,15.4917,3.1567,17.1478,1,6,6,1,2,,,,0
EVAL_TEST,SVM,ANOM_SVM_TUNE_0_02_202610070037,HIGH,6,6,1.4833,2.4917,3.1396,4.6474,0.666667,4,6,0.666667,1,,,,2
EVAL_TEST,SVM,ANOM_SVM_TUNE_0_02_202610070037,ALL,14,12,1.4917,4.4,3.1433,6.1581,0.833333,10,12,0.833333,1,0,0,24,2
EVAL_TEST,EM,ANOM_EM_TUNE_0_02_202610070037,LOW,8,7,1.5167,4.8933,3.1389,6.5308,0,0,7,0,2,,,,5
EVAL_TEST,EM,ANOM_EM_TUNE_0_02_202610070037,HIGH,6,4,1.4833,21.795,3.127,23.4348,0,0,4,0,2,,,,3
EVAL_TEST,EM,ANOM_EM_TUNE_0_02_202610070037,ALL,14,11,1.5,5.4833,3.1365,7.1285,0,0,11,0,2,1,1,24,8
EVAL_TEST,PCA,ANOM_PCA_TUNE_99_202610070037,LOW,8,5,1.5,2.1167,3.1462,3.7544,0.8,4,5,0.8,1,,,,0
EVAL_TEST,PCA,ANOM_PCA_TUNE_99_202610070037,HIGH,6,6,1.4833,2.4917,3.1374,4.6445,1,6,6,1,1,,,,0
EVAL_TEST,PCA,ANOM_PCA_TUNE_99_202610070037,ALL,14,11,1.4833,2.5167,3.1401,4.1492,0.909091,10,11,0.909091,1,0,0,24,0
EVAL_TEST,IFOREST,IFOREST_0.02,LOW,8,5,1.5167,78.2833,,,,,,,,,,,
EVAL_TEST,IFOREST,IFOREST_0.02,HIGH,6,5,1.4833,19.7,,,,,,,,,,,
EVAL_TEST,IFOREST,IFOREST_0.02,ALL,14,10,1.5084,39.9983,,,,,,,,0,0,24,
EVAL_TEST,STATIC,ANOM_STATIC_FINAL_202610050007,LOW,8,7,1.5167,7.8833,3.1635,9.5394,0.714286,5,7,0.714286,1,,,,0
EVAL_TEST,STATIC,ANOM_STATIC_FINAL_202610050007,HIGH,6,6,1.4833,2.4917,3.1385,4.6458,1,6,6,1,1,,,,0
EVAL_TEST,STATIC,ANOM_STATIC_FINAL_202610050007,ALL,14,13,1.5,5.0866,3.1423,6.9428,0.846154,11,13,0.846154,1,0,0,24,0
EVAL_TEST,SEASONAL,ANOM_SEASONAL_TUNE_3_202610070037,LOW,8,0,,,,,,0,0,,,,,,0
EVAL_TEST,SEASONAL,ANOM_SEASONAL_TUNE_3_202610070037,HIGH,6,0,,,,,,0,0,,,,,,0
EVAL_TEST,SEASONAL,ANOM_SEASONAL_TUNE_3_202610070037,ALL,14,0,,,,,,0,0,,,1,1,24,0
