RUN_TAG,RIVAL_DETECTOR,RIVAL_MODEL,MCNEMAR_REF,MSET_CAUGHT,RIVAL_CAUGHT,N_INCIDENTS,BOTH_CAUGHT,BOTH_MISSED,MCNEMAR_B,MCNEMAR_C,MCNEMAR_P,B_RE,C_RE,P_RE,RIVAL_FA,RIVAL_FA_PER_24H,RIVAL_TTD_MEDIAN,MSET_FA,MSET_TTD_MEDIAN,PLAN7A_RANK,BEST_RIVAL
EVAL_DEV,EM,ANOM_EM_TUNE_0_02_202610070037,ANOM_MSET_FINAL_202610050007,13,11,14,10,0,3,1,0.625,3,1,0.625,0,0,1.4833,1,1.4833,1,Y
EVAL_DEV,STATIC,ANOM_STATIC_FINAL_202610050007,ANOM_MSET_FINAL_202610050007,13,11,14,10,0,3,1,0.625,3,1,0.625,0,0,1.4833,1,1.4833,1,N
EVAL_DEV,PCA,ANOM_PCA_TUNE_99_202610070037,ANOM_MSET_FINAL_202610050007,13,10,14,9,0,4,1,0.375,4,1,0.375,0,0,1.4833,1,1.4833,3,N
EVAL_DEV,SVM,ANOM_SVM_TUNE_0_02_202610070037,ANOM_MSET_FINAL_202610050007,13,9,14,8,0,5,1,0.21875,5,1,0.21875,0,0,1.4833,1,1.4833,4,N
EVAL_DEV,IFOREST,IFOREST_0.02,ANOM_MSET_FINAL_202610050007,13,9,14,8,0,5,1,0.21875,5,1,0.21875,0,0,1.5,1,1.4833,5,N
EVAL_DEV,SEASONAL,ANOM_SEASONAL_TUNE_3_202610070037,ANOM_MSET_FINAL_202610050007,13,0,14,0,1,13,0,0.000244,13,0,0.000244,1,1,,1,1.4833,6,N
EVAL_TEST,STATIC,ANOM_STATIC_FINAL_202610050007,ANOM_MSET_FINAL_202610050007,12,13,14,12,1,0,1,1,0,1,1,0,0,1.5,3,1.4833,1,Y
EVAL_TEST,SVM,ANOM_SVM_TUNE_0_02_202610070037,ANOM_MSET_FINAL_202610050007,12,12,14,11,1,1,1,1,1,1,1,0,0,1.4917,3,1.4833,2,N
EVAL_TEST,PCA,ANOM_PCA_TUNE_99_202610070037,ANOM_MSET_FINAL_202610050007,12,11,14,10,1,2,1,1,2,1,1,0,0,1.4833,3,1.4833,3,N
EVAL_TEST,EM,ANOM_EM_TUNE_0_02_202610070037,ANOM_MSET_FINAL_202610050007,12,11,14,10,1,2,1,1,2,1,1,1,1,1.5,3,1.4833,4,N
EVAL_TEST,IFOREST,IFOREST_0.02,ANOM_MSET_FINAL_202610050007,12,10,14,10,2,2,0,0.5,2,0,0.5,0,0,1.5084,3,1.4833,5,N
EVAL_TEST,SEASONAL,ANOM_SEASONAL_TUNE_3_202610070037,ANOM_MSET_FINAL_202610050007,12,0,14,0,2,12,0,0.000488,12,0,0.000488,1,1,,3,1.4833,6,N
