RUN_TAG,SCENARIO,INTENSITY,DETECTOR,N_INCIDENTS,N_CAUGHT,TTD_LIST,RUN_IDS,ATTR_P_MEAN
EVAL_DEV,app_error_burst,HIGH,MSET,2,2,1.5 2.5,110 113,0
EVAL_DEV,app_error_burst,HIGH,SVM,2,0,- -,110 113,
EVAL_DEV,app_error_burst,HIGH,EM,2,1,1.5 -,110 113,0
EVAL_DEV,app_error_burst,HIGH,PCA,2,0,- -,110 113,
EVAL_DEV,app_error_burst,HIGH,IFOREST,2,0,- -,110 113,
EVAL_DEV,app_error_burst,HIGH,STATIC,2,0,- -,110 113,
EVAL_DEV,app_error_burst,HIGH,SEASONAL,2,0,- -,110 113,
EVAL_DEV,batch_wrong_time,HIGH,MSET,1,1,1.5,104,0.706294
EVAL_DEV,batch_wrong_time,HIGH,SVM,1,1,1.5,104,1
EVAL_DEV,batch_wrong_time,HIGH,EM,1,1,0.5,104,0
EVAL_DEV,batch_wrong_time,HIGH,PCA,1,1,1.5,104,1
EVAL_DEV,batch_wrong_time,HIGH,IFOREST,1,1,1.5,104,
EVAL_DEV,batch_wrong_time,HIGH,STATIC,1,1,0.5,104,1
EVAL_DEV,batch_wrong_time,HIGH,SEASONAL,1,0,-,104,
EVAL_DEV,blocking_chain,LOW,MSET,1,1,1.5,108,0.583333
EVAL_DEV,blocking_chain,LOW,SVM,1,1,1.5,108,1
EVAL_DEV,blocking_chain,LOW,EM,1,1,1.5,108,0
EVAL_DEV,blocking_chain,LOW,PCA,1,1,1.5,108,1
EVAL_DEV,blocking_chain,LOW,IFOREST,1,1,4.5,108,
EVAL_DEV,blocking_chain,LOW,STATIC,1,1,1.5,108,1
EVAL_DEV,blocking_chain,LOW,SEASONAL,1,0,-,108,
EVAL_DEV,blocking_chain,HIGH,MSET,1,1,3.5,112,0.386466
EVAL_DEV,blocking_chain,HIGH,SVM,1,0,-,112,
EVAL_DEV,blocking_chain,HIGH,EM,1,0,-,112,
EVAL_DEV,blocking_chain,HIGH,PCA,1,0,-,112,
EVAL_DEV,blocking_chain,HIGH,IFOREST,1,0,-,112,
EVAL_DEV,blocking_chain,HIGH,STATIC,1,0,-,112,
EVAL_DEV,blocking_chain,HIGH,SEASONAL,1,0,-,112,
EVAL_DEV,commit_storm,LOW,MSET,1,1,1.5,105,0.6
EVAL_DEV,commit_storm,LOW,SVM,1,0,-,105,
EVAL_DEV,commit_storm,LOW,EM,1,1,2.5,105,1
EVAL_DEV,commit_storm,LOW,PCA,1,0,-,105,
EVAL_DEV,commit_storm,LOW,IFOREST,1,0,-,105,
EVAL_DEV,commit_storm,LOW,STATIC,1,1,1.5,105,1
EVAL_DEV,commit_storm,LOW,SEASONAL,1,0,-,105,
EVAL_DEV,conn_leak,HIGH,MSET,1,1,1.5,106,1
EVAL_DEV,conn_leak,HIGH,SVM,1,1,1.5,106,1
EVAL_DEV,conn_leak,HIGH,EM,1,0,-,106,
EVAL_DEV,conn_leak,HIGH,PCA,1,1,1.5,106,1
EVAL_DEV,conn_leak,HIGH,IFOREST,1,0,-,106,
EVAL_DEV,conn_leak,HIGH,STATIC,1,1,1.5,106,1
EVAL_DEV,conn_leak,HIGH,SEASONAL,1,0,-,106,
EVAL_DEV,cpu_hog,LOW,MSET,1,1,0.5,107,0.5
EVAL_DEV,cpu_hog,LOW,SVM,1,0,-,107,
EVAL_DEV,cpu_hog,LOW,EM,1,1,2.5,107,0
EVAL_DEV,cpu_hog,LOW,PCA,1,1,2.5,107,1
EVAL_DEV,cpu_hog,LOW,IFOREST,1,1,15.5,107,
EVAL_DEV,cpu_hog,LOW,STATIC,1,1,0.5,107,0
EVAL_DEV,cpu_hog,LOW,SEASONAL,1,0,-,107,
EVAL_DEV,hard_parse_storm,HIGH,MSET,1,0,-,81,
EVAL_DEV,hard_parse_storm,HIGH,SVM,1,1,1.5,81,1
EVAL_DEV,hard_parse_storm,HIGH,EM,1,1,1.5,81,0
EVAL_DEV,hard_parse_storm,HIGH,PCA,1,1,1.5,81,1
EVAL_DEV,hard_parse_storm,HIGH,IFOREST,1,1,1.5,81,
EVAL_DEV,hard_parse_storm,HIGH,STATIC,1,1,1.5,81,1
EVAL_DEV,hard_parse_storm,HIGH,SEASONAL,1,0,-,81,
EVAL_DEV,io_storm,LOW,MSET,1,1,1.5,102,0.490909
EVAL_DEV,io_storm,LOW,SVM,1,1,1.5,102,0
EVAL_DEV,io_storm,LOW,EM,1,1,1.5,102,0
EVAL_DEV,io_storm,LOW,PCA,1,1,1.5,102,1
EVAL_DEV,io_storm,LOW,IFOREST,1,1,1.5,102,
EVAL_DEV,io_storm,LOW,STATIC,1,1,1.5,102,1
EVAL_DEV,io_storm,LOW,SEASONAL,1,0,-,102,
EVAL_DEV,logon_storm,HIGH,MSET,1,1,1.5,101,0.454545
EVAL_DEV,logon_storm,HIGH,SVM,1,1,1.5,101,0
EVAL_DEV,logon_storm,HIGH,EM,1,1,1.5,101,0
EVAL_DEV,logon_storm,HIGH,PCA,1,1,1.5,101,0
EVAL_DEV,logon_storm,HIGH,IFOREST,1,1,1.5,101,
EVAL_DEV,logon_storm,HIGH,STATIC,1,1,1.5,101,1
EVAL_DEV,logon_storm,HIGH,SEASONAL,1,0,-,101,
EVAL_DEV,plan_regression,HIGH,MSET,1,1,1.5,111,0.489286
EVAL_DEV,plan_regression,HIGH,SVM,1,1,1.5,111,1
EVAL_DEV,plan_regression,HIGH,EM,1,1,1.5,111,0
EVAL_DEV,plan_regression,HIGH,PCA,1,1,1.5,111,1
EVAL_DEV,plan_regression,HIGH,IFOREST,1,1,1.5,111,
EVAL_DEV,plan_regression,HIGH,STATIC,1,1,1.5,111,1
EVAL_DEV,plan_regression,HIGH,SEASONAL,1,0,-,111,
EVAL_DEV,slow_drift,HIGH,MSET,1,1,19.5,103,0
EVAL_DEV,slow_drift,HIGH,SVM,1,1,75.5,103,0.25
EVAL_DEV,slow_drift,HIGH,EM,1,1,18.5,103,1
EVAL_DEV,slow_drift,HIGH,PCA,1,1,67.5,103,1
EVAL_DEV,slow_drift,HIGH,IFOREST,1,1,35.5,103,
EVAL_DEV,slow_drift,HIGH,STATIC,1,1,70.5,103,0
EVAL_DEV,slow_drift,HIGH,SEASONAL,1,0,-,103,
EVAL_DEV,temp_spill,HIGH,MSET,1,1,1.5,109,0.454545
EVAL_DEV,temp_spill,HIGH,SVM,1,1,1.5,109,0
EVAL_DEV,temp_spill,HIGH,EM,1,1,1.5,109,0
EVAL_DEV,temp_spill,HIGH,PCA,1,1,1.5,109,0
EVAL_DEV,temp_spill,HIGH,IFOREST,1,1,1.5,109,
EVAL_DEV,temp_spill,HIGH,STATIC,1,1,1.5,109,1
EVAL_DEV,temp_spill,HIGH,SEASONAL,1,0,-,109,
EVAL_TEST,app_error_burst,LOW,MSET,1,0,-,123,
EVAL_TEST,app_error_burst,LOW,SVM,1,0,-,123,
EVAL_TEST,app_error_burst,LOW,EM,1,1,4.5,123,0
EVAL_TEST,app_error_burst,LOW,PCA,1,0,-,123,
EVAL_TEST,app_error_burst,LOW,IFOREST,1,0,-,123,
EVAL_TEST,app_error_burst,LOW,STATIC,1,0,-,123,
EVAL_TEST,app_error_burst,LOW,SEASONAL,1,0,-,123,
EVAL_TEST,batch_wrong_time,LOW,MSET,1,1,1.5,124,0.787879
EVAL_TEST,batch_wrong_time,LOW,SVM,1,1,1.5,124,1
EVAL_TEST,batch_wrong_time,LOW,EM,1,1,1.5,124,0
EVAL_TEST,batch_wrong_time,LOW,PCA,1,1,1.5,124,1
EVAL_TEST,batch_wrong_time,LOW,IFOREST,1,1,1.5,124,
EVAL_TEST,batch_wrong_time,LOW,STATIC,1,1,1.5,124,1
EVAL_TEST,batch_wrong_time,LOW,SEASONAL,1,0,-,124,
EVAL_TEST,blocking_chain,HIGH,MSET,1,1,2.5,121,0.403509
EVAL_TEST,blocking_chain,HIGH,SVM,1,1,3.5,121,0
EVAL_TEST,blocking_chain,HIGH,EM,1,0,-,121,
EVAL_TEST,blocking_chain,HIGH,PCA,1,1,3.5,121,1
EVAL_TEST,blocking_chain,HIGH,IFOREST,1,1,3.5,121,
EVAL_TEST,blocking_chain,HIGH,STATIC,1,1,3.5,121,1
EVAL_TEST,blocking_chain,HIGH,SEASONAL,1,0,-,121,
EVAL_TEST,commit_storm,HIGH,MSET,1,1,1.5,127,0.546703
EVAL_TEST,commit_storm,HIGH,SVM,1,1,1.5,127,1
EVAL_TEST,commit_storm,HIGH,EM,1,1,1.5,127,0
EVAL_TEST,commit_storm,HIGH,PCA,1,1,1.5,127,1
EVAL_TEST,commit_storm,HIGH,IFOREST,1,1,1.5,127,
EVAL_TEST,commit_storm,HIGH,STATIC,1,1,1.5,127,1
EVAL_TEST,commit_storm,HIGH,SEASONAL,1,0,-,127,
EVAL_TEST,conn_leak,LOW,MSET,1,0,-,122,
EVAL_TEST,conn_leak,LOW,SVM,1,1,1.5,122,1
EVAL_TEST,conn_leak,LOW,EM,1,0,-,122,
EVAL_TEST,conn_leak,LOW,PCA,1,1,1.5,122,1
EVAL_TEST,conn_leak,LOW,IFOREST,1,0,-,122,
EVAL_TEST,conn_leak,LOW,STATIC,1,1,1.5,122,1
EVAL_TEST,conn_leak,LOW,SEASONAL,1,0,-,122,
EVAL_TEST,conn_leak,HIGH,MSET,2,2,1.5 1.5,128 129,1
EVAL_TEST,conn_leak,HIGH,SVM,2,2,1.5 1.5,128 129,1
EVAL_TEST,conn_leak,HIGH,EM,2,1,30.5 -,128 129,0
EVAL_TEST,conn_leak,HIGH,PCA,2,2,1.5 1.5,128 129,1
EVAL_TEST,conn_leak,HIGH,IFOREST,2,1,30.5 -,128 129,
EVAL_TEST,conn_leak,HIGH,STATIC,2,2,1.5 1.5,128 129,1
EVAL_TEST,conn_leak,HIGH,SEASONAL,2,0,- -,128 129,
EVAL_TEST,cpu_hog,HIGH,MSET,1,1,1.5,115,0.490909
EVAL_TEST,cpu_hog,HIGH,SVM,1,1,1.5,115,1
EVAL_TEST,cpu_hog,HIGH,EM,1,1,1.5,115,0
EVAL_TEST,cpu_hog,HIGH,PCA,1,1,1.5,115,1
EVAL_TEST,cpu_hog,HIGH,IFOREST,1,1,1.5,115,
EVAL_TEST,cpu_hog,HIGH,STATIC,1,1,1.5,115,1
EVAL_TEST,cpu_hog,HIGH,SEASONAL,1,0,-,115,
EVAL_TEST,hard_parse_storm,LOW,MSET,1,1,0.5,118,0.333333
EVAL_TEST,hard_parse_storm,LOW,SVM,1,1,4.5,118,1
EVAL_TEST,hard_parse_storm,LOW,EM,1,1,1.5,118,0
EVAL_TEST,hard_parse_storm,LOW,PCA,1,1,2.5,118,1
EVAL_TEST,hard_parse_storm,LOW,IFOREST,1,0,-,118,
EVAL_TEST,hard_parse_storm,LOW,STATIC,1,1,2.5,118,1
EVAL_TEST,hard_parse_storm,LOW,SEASONAL,1,0,-,118,
EVAL_TEST,io_storm,HIGH,MSET,1,1,0.5,114,0
EVAL_TEST,io_storm,HIGH,SVM,1,1,0.5,114,0
EVAL_TEST,io_storm,HIGH,EM,1,1,0.5,114,0
EVAL_TEST,io_storm,HIGH,PCA,1,1,0.5,114,1
EVAL_TEST,io_storm,HIGH,IFOREST,1,1,0.5,114,
EVAL_TEST,io_storm,HIGH,STATIC,1,1,0.5,114,1
EVAL_TEST,io_storm,HIGH,SEASONAL,1,0,-,114,
EVAL_TEST,logon_storm,LOW,MSET,1,1,1.5,125,0.35
EVAL_TEST,logon_storm,LOW,SVM,1,1,1.5,125,1
EVAL_TEST,logon_storm,LOW,EM,1,1,1.5,125,0
EVAL_TEST,logon_storm,LOW,PCA,1,1,1.5,125,1
EVAL_TEST,logon_storm,LOW,IFOREST,1,1,1.5,125,
EVAL_TEST,logon_storm,LOW,STATIC,1,1,1.5,125,1
EVAL_TEST,logon_storm,LOW,SEASONAL,1,0,-,125,
EVAL_TEST,plan_regression,LOW,MSET,1,1,1.5,117,0
EVAL_TEST,plan_regression,LOW,SVM,1,1,26.5,117,1
EVAL_TEST,plan_regression,LOW,EM,1,1,1.5,117,0
EVAL_TEST,plan_regression,LOW,PCA,1,0,-,117,
EVAL_TEST,plan_regression,LOW,IFOREST,1,1,7.5,117,
EVAL_TEST,plan_regression,LOW,STATIC,1,1,11.5,117,0
EVAL_TEST,plan_regression,LOW,SEASONAL,1,0,-,117,
EVAL_TEST,slow_drift,LOW,MSET,1,1,57.5,126,0
EVAL_TEST,slow_drift,LOW,SVM,1,0,-,126,
EVAL_TEST,slow_drift,LOW,EM,1,1,5.5,126,0
EVAL_TEST,slow_drift,LOW,PCA,1,0,-,126,
EVAL_TEST,slow_drift,LOW,IFOREST,1,1,125.5,126,
EVAL_TEST,slow_drift,LOW,STATIC,1,1,5.5,126,0
EVAL_TEST,slow_drift,LOW,SEASONAL,1,0,-,126,
EVAL_TEST,temp_spill,LOW,MSET,1,1,1.5,116,0.375
EVAL_TEST,temp_spill,LOW,SVM,1,1,1.5,116,1
EVAL_TEST,temp_spill,LOW,EM,1,1,1.5,116,0
EVAL_TEST,temp_spill,LOW,PCA,1,1,1.5,116,0
EVAL_TEST,temp_spill,LOW,IFOREST,1,1,1.5,116,
EVAL_TEST,temp_spill,LOW,STATIC,1,1,1.5,116,1
EVAL_TEST,temp_spill,LOW,SEASONAL,1,0,-,116,
