RUN_TAG,DETECTOR,MODEL_NAME,N_FALSE_ALARMS,FA_PER_24H,EPISODES,OPEN_AT_END
EVAL_DEV,MSET,ANOM_MSET_FINAL_202610050007,1,1,14,0
EVAL_DEV,SVM,ANOM_SVM_TUNE_0_02_202610070037,0,0,9,0
EVAL_DEV,EM,ANOM_EM_TUNE_0_02_202610070037,0,0,11,0
EVAL_DEV,PCA,ANOM_PCA_TUNE_99_202610070037,0,0,10,0
EVAL_DEV,IFOREST,IFOREST_0.02,0,0,9,0
EVAL_DEV,STATIC,ANOM_STATIC_FINAL_202610050007,0,0,11,0
EVAL_DEV,SEASONAL,ANOM_SEASONAL_TUNE_3_202610070037,1,1,1,1
EVAL_TEST,MSET,ANOM_MSET_FINAL_202610050007,3,3,15,0
EVAL_TEST,SVM,ANOM_SVM_TUNE_0_02_202610070037,0,0,13,0
EVAL_TEST,EM,ANOM_EM_TUNE_0_02_202610070037,1,1,14,0
EVAL_TEST,PCA,ANOM_PCA_TUNE_99_202610070037,0,0,12,0
EVAL_TEST,IFOREST,IFOREST_0.02,0,0,11,0
EVAL_TEST,STATIC,ANOM_STATIC_FINAL_202610050007,0,0,16,0
EVAL_TEST,SEASONAL,ANOM_SEASONAL_TUNE_3_202610070037,1,1,1,1
