RUN_ID,TS,MIN_FROM_START,LIO_TXN,CPU_TXN,RT_TXN,APP_P95_MS,LIO_TXN_X,CPU_TXN_X,RT_TXN_X,APP_P95_MS_X,MSET_FLAG,STATIC_FLAG,STATIC_BREACHED
126,2026-10-06 15:13:30,-59.5167,42.6099876912256,0.229355829083875,0.235706435730614,16.29,0.239182,0.23063,0.178943,0.149015,0,0,
126,2026-10-06 15:14:30,-58.5167,42.7393850658858,0.260619454612006,0.278673005124451,16.29,0.239909,0.262068,0.211562,0.149015,0,1,W_OTHER
126,2026-10-06 15:15:29,-57.5333,42.3106863596872,0.219545438748914,0.230866203301477,29.314,0.237502,0.220765,0.175268,0.268154,0,0,
126,2026-10-06 15:16:30,-56.5167,43.8977921583555,0.399873867529501,0.608563418347925,17.817,0.246411,0.402096,0.462007,0.162983,0,1,"PWRITES,W_USERIO"
126,2026-10-06 15:17:30,-55.5167,42.0088573959256,0.253460017714792,0.40984124003543,66.476,0.235808,0.254868,0.311142,0.608098,0,1,W_USERIO
126,2026-10-06 15:18:31,-54.5,43.2596992760349,0.246014108037869,0.375424800445517,24.749,0.242829,0.247381,0.285013,0.226395,0,0,
126,2026-10-06 15:19:31,-53.5,42.7910120569967,0.28443955060285,0.459133850931677,31.374,0.240198,0.28602,0.348563,0.286998,0,1,W_USERIO
126,2026-10-06 15:20:30,-52.5167,42.9411333211076,0.274171043462314,0.403220814230699,26.492,0.241041,0.275695,0.306115,0.242339,0,0,
126,2026-10-06 15:21:30,-51.5167,42.9094744243276,0.257401476533661,0.365276393039198,24.04,0.240863,0.258832,0.277309,0.219909,0,0,
126,2026-10-06 15:22:31,-50.5,42.8099006256901,0.248963709974236,0.331550570482149,21.505,0.240304,0.250347,0.251705,0.19672,0,0,
126,2026-10-06 15:23:29,-49.5333,43.4307452204448,0.265078267655092,0.360771420210691,21.644,0.243789,0.266551,0.273889,0.197991,0,0,
126,2026-10-06 15:24:30,-48.5167,43.5563279857397,0.253450178253119,0.34593513368984,19.945,0.244494,0.254859,0.262626,0.18245,0,0,
126,2026-10-06 15:25:31,-47.5,42.7821565407772,0.24922183908046,0.307374785623061,23.293,0.240149,0.250607,0.233351,0.213076,0,0,
126,2026-10-06 15:26:30,-46.5167,42.3422087205147,0.235935436025733,0.281841708363117,21.368,0.237679,0.237246,0.213967,0.195467,0,0,
126,2026-10-06 15:27:29,-45.5333,43.132915921288,0.253110733452594,0.284514919499106,21.368,0.242118,0.254517,0.215997,0.195467,0,0,
126,2026-10-06 15:28:30,-44.5167,41.9652588555858,0.231877452316076,0.260248365122616,21.051,0.235563,0.233166,0.197574,0.192567,0,0,
126,2026-10-06 15:29:30,-43.5167,42.9586119645762,0.258592644135189,0.287532767034159,16.292,0.241139,0.26003,0.218288,0.149033,0,0,
126,2026-10-06 15:30:30,-42.5167,41.8760563380282,0.239332323943662,0.259645492957746,24.625,0.235062,0.240662,0.197117,0.22526,0,0,
126,2026-10-06 15:31:31,-41.5,44.6335824787068,0.255862245784808,0.283850964714062,19.443,0.250541,0.257284,0.215493,0.177857,0,1,PWRITES
126,2026-10-06 15:32:30,-40.5167,43.339928057554,0.217184388489209,0.230380143884892,16.888,0.24328,0.218391,0.174899,0.154485,0,0,
126,2026-10-06 15:33:29,-39.5333,41.8606429192007,0.209336524761077,0.224404882710686,14.67,0.234976,0.2105,0.170363,0.134196,0,0,
126,2026-10-06 15:34:30,-38.5167,42.8584359160029,0.214858381607531,0.224478439536568,13.946,0.240577,0.216052,0.170419,0.127573,0,0,
126,2026-10-06 15:35:31,-37.5,41.2899375688579,0.224574384869629,0.239776074182887,18.137,0.231772,0.225822,0.182032,0.165911,0,0,
126,2026-10-06 15:36:30,-36.5167,43.360057782593,0.217834543156374,0.224280390032503,14.56,0.243393,0.219045,0.170268,0.13319,0,0,
126,2026-10-06 15:37:31,-35.5,41.9101941747573,0.211271775312067,0.218163453536755,15.888,0.235254,0.212446,0.165624,0.145338,0,0,
126,2026-10-06 15:38:31,-34.5,43.0905713780294,0.231054413585707,0.242079444542721,18.302,0.24188,0.232338,0.183781,0.16742,0,0,
126,2026-10-06 15:39:30,-33.5167,43.2387948670262,0.279848521480379,0.317823767900316,27.422,0.242712,0.281404,0.241284,0.250846,0,0,
126,2026-10-06 15:40:30,-32.5167,42.2054412277642,0.225916044645971,0.233324938960586,17.118,0.236911,0.227171,0.177135,0.156589,0,0,
126,2026-10-06 15:41:30,-31.5167,42.8072445019405,0.240419423396784,0.245196026612456,19.781,0.240289,0.241755,0.186147,0.180949,0,0,
126,2026-10-06 15:42:30,-30.5167,42.1424290498854,0.241526017979905,0.252191574123039,19.589,0.236558,0.242868,0.191458,0.179193,0,0,
126,2026-10-06 15:43:30,-29.5167,42.7712513681138,0.230232086829624,0.238690167821963,18.486,0.240087,0.231511,0.181208,0.169103,0,0,
126,2026-10-06 15:44:30,-28.5167,43.0265373352855,0.27831756954612,0.310423810395315,18.486,0.24152,0.279864,0.235666,0.169103,0,0,
126,2026-10-06 15:45:30,-27.5167,43.4226071103008,0.258202680036463,0.274498249772106,33.034,0.243744,0.259637,0.208392,0.302183,0,0,
126,2026-10-06 15:46:30,-26.5167,42.9189481268012,0.290561977665706,0.312419254322767,31.208,0.240916,0.292177,0.237181,0.285479,0,0,
126,2026-10-06 15:47:29,-25.5333,43.252935862692,0.259637579042457,0.264667859078591,23.682,0.242791,0.26108,0.200929,0.216634,0,0,
126,2026-10-06 15:48:30,-24.5167,41.823487544484,0.225409145907473,0.234660836298932,22.334,0.234767,0.226662,0.178149,0.204303,0,0,
126,2026-10-06 15:49:31,-23.5,41.5141627823593,0.251028558623162,0.275161079239871,15.326,0.233031,0.252423,0.208896,0.140197,0,0,
126,2026-10-06 15:50:30,-22.5167,42.3874838471479,0.243725124607716,0.247477625992247,24.05,0.237933,0.245079,0.187879,0.220001,0,0,
126,2026-10-06 15:51:30,-21.5167,42.7540777917189,0.234116920595089,0.242180874708729,18.529,0.239991,0.235418,0.183858,0.169496,0,0,
126,2026-10-06 15:52:30,-20.5167,43.7300743889479,0.228835157633723,0.231954906128232,18.317,0.24547,0.230107,0.176095,0.167557,0,0,
126,2026-10-06 15:53:30,-19.5167,43.273115980759,0.226995100659184,0.231193817922679,16.481,0.242904,0.228256,0.175517,0.150762,0,0,
126,2026-10-06 15:54:30,-18.5167,42.0643919510061,0.230340069991251,0.243415258092738,21.514,0.23612,0.23162,0.184795,0.196802,0,0,
126,2026-10-06 15:55:30,-17.5167,43.4441813877254,0.245564232380259,0.251252504097614,21.514,0.243865,0.246929,0.190745,0.196802,0,0,
126,2026-10-06 15:56:29,-16.5333,42.5367949865712,0.276598173679499,0.291291226499552,22.556,0.238771,0.278135,0.221141,0.206334,0,0,
126,2026-10-06 15:57:30,-15.5167,43.5469980745668,0.248750603885874,0.25290281813408,32.445,0.244442,0.250133,0.191998,0.296795,0,0,
126,2026-10-06 15:58:30,-14.5167,42.6548719772404,0.228706294452347,0.235324786628734,20.521,0.239434,0.229977,0.178653,0.187719,0,0,
126,2026-10-06 15:59:30,-13.5167,42.9078375826251,0.269685155807365,0.432484740321058,16.414,0.240854,0.271184,0.328332,0.150149,0,1,"W_CONCUR,W_OTHER"
126,2026-10-06 16:00:30,-12.5167,42.7118430525558,0.249201331893449,0.260271526277898,24.235,0.239754,0.250586,0.197592,0.221693,0,0,
126,2026-10-06 16:01:30,-11.5167,44.0690214453055,0.272893980897459,0.292511479545864,22.458,0.247372,0.27441,0.222068,0.205438,0,0,
126,2026-10-06 16:02:30,-10.5167,43.2841135008133,0.236541604915959,0.237491866979939,27.683,0.242966,0.237856,0.180298,0.253234,0,0,
126,2026-10-06 16:03:31,-9.5,42.3268958185684,0.223042788802268,0.22391979092842,16.047,0.237593,0.224282,0.169994,0.146792,0,0,
126,2026-10-06 16:04:31,-8.5,42.7815458770873,0.238305422620072,0.246635290067137,22.34,0.240145,0.23963,0.18724,0.204358,0,1,CALLS
126,2026-10-06 16:05:30,-7.5167,41.7415869642225,0.233698228834573,0.236796138859369,18.297,0.234308,0.234997,0.17977,0.167374,0,0,
126,2026-10-06 16:06:31,-6.5,42.1209302325581,0.22628030411449,0.229335080500894,15.975,0.236437,0.227538,0.174106,0.146133,0,0,
126,2026-10-06 16:07:30,-5.5167,42.8342096039257,0.218516246056782,0.223816000701016,15.342,0.240441,0.219731,0.169916,0.140343,0,0,
126,2026-10-06 16:08:31,-4.5,42.029566130161,0.228391969909027,0.237405703289013,16.619,0.235924,0.229661,0.180233,0.152025,0,0,
126,2026-10-06 16:09:30,-3.5167,42.334802538787,0.242896421015515,0.257374770803949,16.666,0.237637,0.244246,0.195393,0.152454,0,0,
126,2026-10-06 16:10:30,-2.5167,42.63113242346,0.224249760236075,0.227430357801549,17.204,0.239301,0.225496,0.17266,0.157376,0,0,
126,2026-10-06 16:11:31,-1.5,41.2610864745011,0.242047801182557,0.249693255728012,20.405,0.23161,0.243393,0.189561,0.186657,0,0,
126,2026-10-06 16:12:31,-0.5,42.9060236370568,0.264515059092642,0.2840370186809,25.992,0.240844,0.265985,0.215634,0.237765,0,0,
126,2026-10-06 16:13:29,0.4667,43.2354954954955,0.237150198198198,0.243869369369369,17.163,0.242693,0.238468,0.18514,0.157001,0,0,
126,2026-10-06 16:14:30,1.4833,43.8633055210368,0.273486419314752,0.284609870406533,29.878,0.246217,0.275006,0.216069,0.273313,0,0,
126,2026-10-06 16:15:30,2.4833,44.5963611859838,0.237992486522911,0.25364573787062,18.66,0.250332,0.239315,0.192562,0.170695,0,1,CALLS
126,2026-10-06 16:16:30,3.4833,47.2877255601824,0.453237358715051,0.698663771564545,89.972,0.26544,0.455756,0.530409,0.823031,0,1,"PWRITES,W_USERIO,SQL_RT"
126,2026-10-06 16:17:30,4.4833,44.5006521334079,0.295602999813676,0.46376867896404,89.972,0.249795,0.297246,0.352082,0.823031,0,1,W_USERIO
126,2026-10-06 16:18:30,5.4833,44.3920817369093,0.283431983214742,0.430822331691297,30.767,0.249186,0.285007,0.32707,0.281445,0,1,W_USERIO
126,2026-10-06 16:19:30,6.4833,44.0961538461538,0.29776021978022,0.441298058608059,26.531,0.247524,0.299415,0.335023,0.242696,0,0,
126,2026-10-06 16:20:29,7.4667,45.5637346254193,0.28875532985464,0.417331792769288,30.426,0.255762,0.29036,0.316828,0.278326,0,0,
126,2026-10-06 16:21:30,8.4833,46.0406109613657,0.304021132075472,0.437306684636119,26.916,0.258439,0.305711,0.331993,0.246218,0,1,W_USERIO
126,2026-10-06 16:22:30,9.4833,44.5058028754547,0.309650753507708,0.419229447427681,31.719,0.249824,0.311371,0.318269,0.290154,0,0,
126,2026-10-06 16:23:29,10.4667,44.5645810464691,0.289560098792536,0.377648170508599,26.966,0.250154,0.291169,0.286701,0.246675,0,0,
126,2026-10-06 16:24:30,11.4833,45.289105877848,0.29952657476546,0.398144897568447,24.043,0.254221,0.301191,0.302262,0.219937,0,0,
126,2026-10-06 16:25:30,12.4833,45.5445170161568,0.279591491921623,0.337583104159505,25.807,0.255655,0.281145,0.256285,0.236073,0,0,
126,2026-10-06 16:26:30,13.4833,46.7701703079305,0.27054087390332,0.310665353517977,20.669,0.262534,0.272044,0.23585,0.189072,0,0,
126,2026-10-06 16:27:30,14.4833,46.1338622552329,0.273896995273464,0.316755638082377,21.655,0.258963,0.275419,0.240473,0.198092,0,1,"CALLS,TXN"
126,2026-10-06 16:28:30,15.4833,46.533390264731,0.280362732707088,0.306158428693424,21.729,0.261205,0.281921,0.232428,0.198769,0,1,APP_TPS
126,2026-10-06 16:29:30,16.4833,46.8027920127231,0.30762095776639,0.33728008482064,21.445,0.262718,0.30933,0.256055,0.196171,0,0,
126,2026-10-06 16:30:30,17.4833,47.218421943786,0.272556112428039,0.292872925838131,30.472,0.265051,0.274071,0.222342,0.278747,0,1,CALLS
126,2026-10-06 16:31:31,18.5,47.6704881014417,0.281469237450061,0.307527931214174,17.718,0.267588,0.283033,0.233468,0.162078,0,1,PWRITES
126,2026-10-06 16:32:31,19.5,47.1063340410474,0.252003768577495,0.265304617834395,18.412,0.264421,0.253404,0.201413,0.168426,0,0,
126,2026-10-06 16:33:30,20.4833,47.8905071065099,0.27609466573083,0.289298210212318,19.195,0.268823,0.277629,0.219628,0.175589,0,0,
126,2026-10-06 16:34:30,21.4833,48.0840621095842,0.280420007139033,0.293284097804747,22.81,0.26991,0.281978,0.222654,0.208657,0,0,
126,2026-10-06 16:35:30,22.4833,46.9117285036047,0.270258079831194,0.283405679620186,18.054,0.263329,0.27176,0.215155,0.165151,0,0,
126,2026-10-06 16:36:30,23.4833,49.0930473884469,0.286056035973712,0.297158491871325,21.821,0.275573,0.287646,0.225596,0.19961,0,0,
126,2026-10-06 16:37:30,24.4833,48.0119932432432,0.284092195945946,0.289623868243243,20.974,0.269505,0.285671,0.219875,0.191862,0,0,
126,2026-10-06 16:38:31,25.5,48.795494856332,0.284969439517559,0.299197055693508,21,0.273903,0.286553,0.227143,0.1921,0,0,
126,2026-10-06 16:39:30,26.4833,48.3806848112379,0.299640035118525,0.313356470588235,23.776,0.271575,0.301305,0.237893,0.217494,0,0,
126,2026-10-06 16:40:30,27.4833,48.827633614023,0.26948429283382,0.278593332187661,18.033,0.274084,0.270982,0.211501,0.164959,0,0,
126,2026-10-06 16:41:31,28.5,49.5770308123249,0.283280987394958,0.293090336134454,21.14,0.27829,0.284855,0.222507,0.193381,0,0,
126,2026-10-06 16:42:30,29.4833,48.5892763273173,0.262179165936569,0.270339285088488,16.639,0.272746,0.263636,0.205235,0.152207,0,0,
126,2026-10-06 16:43:31,30.5,49.0773158278629,0.267191684901532,0.276561597374179,17.617,0.275485,0.268676,0.209959,0.161154,0,0,
126,2026-10-06 16:44:30,31.4833,49.4889601139601,0.289211467236467,0.343771492165242,23.894,0.277796,0.290819,0.260983,0.218574,0,0,
126,2026-10-06 16:45:29,32.4667,49.1364113326338,0.282441395592865,0.300559426372858,20.196,0.275817,0.284011,0.228177,0.184746,0,0,
126,2026-10-06 16:46:30,33.4833,51.1369047619048,0.29579637605042,0.307495780812325,20.065,0.287046,0.29744,0.233443,0.183547,0,0,
126,2026-10-06 16:47:30,34.4833,48.9926268861454,0.276742849794239,0.284293381344307,20.065,0.27501,0.278281,0.215829,0.183547,0,0,
126,2026-10-06 16:48:30,35.4833,49.9232044198895,0.280995837937385,0.287324751381216,19.677,0.280233,0.282557,0.21813,0.179998,0,0,
126,2026-10-06 16:49:30,36.4833,49.6243320270752,0.289200427502672,0.297750748129676,18.872,0.278556,0.290807,0.226045,0.172634,0,0,
126,2026-10-06 16:50:30,37.4833,51.0956614509246,0.29302759601707,0.298528058321479,21.413,0.286815,0.294656,0.226635,0.195878,0,0,
126,2026-10-06 16:51:31,38.5,50.4180701754386,0.303073263157895,0.307844526315789,22.111,0.283011,0.304757,0.233708,0.202263,0,0,
126,2026-10-06 16:52:30,39.4833,50.7612340710932,0.292919885982562,0.298473759221999,21.863,0.284937,0.294548,0.226594,0.199995,0,1,CALLS
126,2026-10-06 16:53:31,40.5,51.8440048585806,0.298731251084505,0.312450789519348,21.338,0.291015,0.300391,0.237205,0.195192,0,0,
126,2026-10-06 16:54:30,41.4833,49.8446272125872,0.310760164491328,0.320377453960308,26.954,0.279792,0.312487,0.243223,0.246565,0,0,
126,2026-10-06 16:55:30,42.4833,51.5361502347418,0.294819305164319,0.301058854460094,19.858,0.289287,0.296458,0.228557,0.181654,0,0,
126,2026-10-06 16:56:31,43.5,52.3274027879677,0.302151870873074,0.304786885546588,22.613,0.293729,0.303831,0.231387,0.206855,0,0,
126,2026-10-06 16:57:31,44.5,52.146554866934,0.308233631060882,0.311701458257382,23.083,0.292714,0.309946,0.236636,0.211155,0,0,
126,2026-10-06 16:58:30,45.4833,51.9699248120301,0.298732715936182,0.305194993581515,20.026,0.291722,0.300393,0.231697,0.18319,0,0,
126,2026-10-06 16:59:30,46.4833,51.6135726303982,0.355808618433352,0.488640082258366,31.345,0.289722,0.357786,0.370964,0.286733,0,1,W_CONCUR
126,2026-10-06 17:00:30,47.4833,51.6098254931715,0.362096187405159,0.372767924886191,36.32,0.289701,0.364108,0.282996,0.332242,0,0,
126,2026-10-06 17:01:30,48.4833,53.8417910447761,0.36791671641791,0.376858246268657,26.198,0.30223,0.369961,0.286102,0.23965,0,0,
126,2026-10-06 17:02:30,49.4833,52.2701048951049,0.325354947552448,0.341251311188811,23.342,0.293407,0.327163,0.25907,0.213524,0,0,
126,2026-10-06 17:03:31,50.5,52.9974212562166,0.324108657211273,0.330486940504697,24.779,0.29749,0.32591,0.250898,0.226669,0,0,
126,2026-10-06 17:04:29,51.4667,53.154939846883,0.374929675537732,0.394727488151659,24.779,0.298374,0.377013,0.299668,0.226669,0,0,
126,2026-10-06 17:05:30,52.4833,53.1179540709812,0.320812021572721,0.330437230340988,30.208,0.298166,0.322595,0.25086,0.276332,0,0,
126,2026-10-06 17:06:31,53.5,52.7737292767353,0.303075915467298,0.303253543450537,21.429,0.296234,0.30476,0.230223,0.196025,0,0,
126,2026-10-06 17:07:30,54.4833,52.5020415409196,0.31584093733357,0.319960305343511,22.405,0.294709,0.317596,0.242906,0.204953,0,0,
126,2026-10-06 17:08:30,55.4833,53.8432618025751,0.314095450643777,0.318730454935622,21.269,0.302238,0.315841,0.241972,0.194561,0,0,
126,2026-10-06 17:09:31,56.5,54.4063363418677,0.345234776201879,0.366688782464542,25.98,0.305398,0.347153,0.278381,0.237655,0,0,
126,2026-10-06 17:10:31,57.5,55.0055914730037,0.323909453084047,0.326200244626944,21.964,0.308762,0.325709,0.247643,0.200919,1,0,
126,2026-10-06 17:11:30,58.4833,55.4873383129896,0.335612807433048,0.338484642011295,25.384,0.311466,0.337478,0.256969,0.232203,1,0,
126,2026-10-06 17:12:30,59.4833,53.3618164967563,0.332184596848934,0.336930194624652,24.561,0.299535,0.334031,0.255789,0.224675,1,0,
126,2026-10-06 17:13:30,60.4833,54.4165018874708,0.337982024087722,0.345218353406435,22.886,0.305456,0.33986,0.262081,0.209353,0,0,
126,2026-10-06 17:14:30,61.4833,54.8682076936346,0.369786441262722,0.383261186820769,33.734,0.307991,0.371841,0.290963,0.308586,0,0,
126,2026-10-06 17:15:31,62.5,54.9161067731977,0.36598741601598,0.37205015434901,29.75,0.30826,0.368021,0.282451,0.272142,0,0,
126,2026-10-06 17:16:31,63.5,55.2213179833267,0.564278185788011,0.945778920206431,87.821,0.309973,0.567414,0.718012,0.803354,0,1,"TEMP,PWRITES,SQL_RT,W_USERIO,W_COMMIT"
126,2026-10-06 17:17:30,64.4833,56.597376931369,0.372258084800575,0.543262199065756,28.236,0.317697,0.374327,0.412431,0.258293,1,1,W_USERIO
126,2026-10-06 17:18:30,65.4833,54.7732730120063,0.349141813119889,0.482732677918914,25.572,0.307458,0.351082,0.366479,0.233923,1,1,W_USERIO
126,2026-10-06 17:19:31,66.5,54.7664181753639,0.374436900958466,0.516969258075967,31.801,0.30742,0.376518,0.392471,0.290904,1,0,
126,2026-10-06 17:20:30,67.4833,54.9756311360449,0.357334379382889,0.474841146563815,25.782,0.308594,0.35932,0.360488,0.235844,1,0,
126,2026-10-06 17:21:30,68.4833,57.0609507640068,0.381056943972835,0.488968217317487,27.6,0.3203,0.383174,0.371213,0.252475,1,0,
126,2026-10-06 17:22:30,69.4833,56.4469153515065,0.355472274031564,0.440319207317073,24.42,0.316853,0.357448,0.33428,0.223385,1,0,
126,2026-10-06 17:23:29,70.4667,57.9631475876803,0.363035606195478,0.446413263307816,24.42,0.325364,0.365053,0.338906,0.223385,1,0,
126,2026-10-06 17:24:30,71.4833,56.29143454039,0.377248084958217,0.448834801532033,25.167,0.31598,0.379344,0.340745,0.230218,1,0,
126,2026-10-06 17:25:31,72.5,56.5371439210575,0.368270638614783,0.426107819772854,25.745,0.317359,0.370317,0.323491,0.235506,1,0,
126,2026-10-06 17:26:29,73.4667,57.7793103448276,0.355357513611615,0.387293484573503,24.385,0.324332,0.357332,0.294024,0.223065,1,0,
126,2026-10-06 17:27:31,74.5,58.1189739858104,0.3567551755503,0.388212406767328,23.47,0.326239,0.358738,0.294721,0.214695,0,0,
126,2026-10-06 17:28:30,75.4833,57.076183819675,0.340970644766731,0.364095911235366,23.306,0.320385,0.342865,0.276413,0.213195,0,0,
126,2026-10-06 17:29:30,76.4833,57.5808017256876,0.409203505302894,0.470916124393313,30.774,0.323218,0.411477,0.357508,0.281509,1,0,
126,2026-10-06 17:30:30,77.4833,57.9658561821004,0.352888963614416,0.368894102431454,23.446,0.325379,0.35485,0.280055,0.214475,1,0,
126,2026-10-06 17:31:31,78.5,59.5391919889503,0.392019820441989,0.419848843232044,23.618,0.334211,0.394198,0.318739,0.216049,1,1,PWRITES
126,2026-10-06 17:32:30,79.4833,57.6599254922831,0.350874348057477,0.364852048962214,22.999,0.323662,0.352824,0.276987,0.210386,1,0,
126,2026-10-06 17:33:30,80.4833,59.0822761870243,0.360497680318956,0.377247462848858,24.753,0.331646,0.362501,0.286397,0.226431,1,0,
126,2026-10-06 17:34:30,81.4833,57.6921465968586,0.356608621291448,0.370185636998255,24.785,0.323843,0.35859,0.281036,0.226724,1,0,
126,2026-10-06 17:35:30,82.4833,59.0337982832618,0.33614839055794,0.345142721745351,22.733,0.331374,0.338016,0.262024,0.207953,1,0,
126,2026-10-06 17:36:30,83.4833,58.6718309859155,0.35785698943662,0.366612834507042,23.002,0.329342,0.359846,0.278324,0.210414,0,0,
126,2026-10-06 17:37:30,84.4833,58.5080700549451,0.346961538461538,0.359772321428571,23.002,0.328423,0.34889,0.27313,0.210414,1,0,
126,2026-10-06 17:38:31,85.5,58.9318862275449,0.348870770958084,0.362445696107784,23.126,0.330802,0.350809,0.27516,0.211548,0,0,
126,2026-10-06 17:39:29,86.4667,60.1442219364321,0.378890464817196,0.388201708616572,23.126,0.337607,0.380996,0.294713,0.211548,1,0,
126,2026-10-06 17:40:30,87.4833,60.5598717034925,0.370094191019244,0.377522309337135,26.882,0.33994,0.372151,0.286606,0.245907,1,0,
126,2026-10-06 17:41:30,88.4833,60.6711881868132,0.379453090659341,0.387607640796703,24.6,0.340565,0.381562,0.294262,0.225032,1,0,
126,2026-10-06 17:42:30,89.4833,60.5742935278031,0.382427711941659,0.389033783044667,26.43,0.340021,0.384553,0.295345,0.241772,1,0,
126,2026-10-06 17:43:30,90.4833,59.5110280373832,0.362180654205607,0.372590897196262,26.763,0.334053,0.364193,0.282862,0.244818,1,0,
126,2026-10-06 17:44:30,91.4833,60.8796023564065,0.388244495581738,0.408587315905744,23.469,0.341735,0.390402,0.31019,0.214686,1,0,
126,2026-10-06 17:45:30,92.4833,62.9019499632082,0.397462656364974,0.404088373804268,31.306,0.353087,0.399671,0.306774,0.286376,1,0,
126,2026-10-06 17:46:31,93.5,66.0034696859021,0.438192804967129,0.454238933528123,27.352,0.370497,0.440628,0.344847,0.250206,1,0,
126,2026-10-06 17:47:30,94.4833,64.1882416396979,0.377367116145271,0.381142448759439,26.42,0.360307,0.379464,0.289354,0.24168,1,0,
126,2026-10-06 17:48:30,95.4833,65.5995751460435,0.391381217914675,0.396961922464153,26.06,0.368229,0.393556,0.301364,0.238387,1,0,
126,2026-10-06 17:49:30,96.4833,65.233770718232,0.400093283839779,0.413639122928177,25.654,0.366176,0.402317,0.314025,0.234673,1,1,CALLS
126,2026-10-06 17:50:30,97.4833,65.6649039309008,0.388162700511193,0.394999453551913,28.132,0.368596,0.39032,0.299874,0.257341,1,0,
126,2026-10-06 17:51:31,98.5,67.978001039321,0.403924961025463,0.415019123505976,29.021,0.38158,0.40617,0.315072,0.265473,1,0,
126,2026-10-06 17:52:30,99.4833,67.8184397163121,0.405163280141844,0.408365709219858,29.417,0.380684,0.407415,0.310021,0.269096,1,0,
126,2026-10-06 17:53:31,100.5,69.81720813995,0.404066012138522,0.41224305605141,26.345,0.391904,0.406311,0.312965,0.240994,1,0,
126,2026-10-06 17:54:31,101.5,70.1920244296749,0.397656367882163,0.408552182504042,25.421,0.394008,0.399866,0.310163,0.232542,1,0,
126,2026-10-06 17:55:29,102.4667,71.1327031448828,0.398177604071987,0.401743937465915,28.721,0.399288,0.40039,0.304994,0.262729,1,0,
126,2026-10-06 17:56:30,103.4833,70.1128110599078,0.395482414746544,0.399206764976959,25.7,0.393563,0.39768,0.303068,0.235094,1,0,
126,2026-10-06 17:57:30,104.4833,69.1299714557564,0.406490980019029,0.42183417697431,27.671,0.388046,0.40875,0.320246,0.253124,1,0,
126,2026-10-06 17:58:30,105.4833,70.1756299360662,0.37974674689733,0.380598608499436,25.216,0.393916,0.381857,0.288941,0.230667,1,0,
126,2026-10-06 17:59:31,106.5,68.9407150674936,0.460607825611091,0.487348121123677,46.934,0.386984,0.463167,0.369983,0.429335,1,0,
126,2026-10-06 18:00:30,107.4833,69.7932351336607,0.467224349881797,0.556307128568831,46.934,0.39177,0.469821,0.422335,0.429335,1,0,
126,2026-10-06 18:01:30,108.4833,70.7347499542041,0.408690767539842,0.409707089210478,30.19,0.397055,0.410962,0.31104,0.276167,1,0,
126,2026-10-06 18:02:30,109.4833,71.86283427324,0.470808313625614,0.514953792977988,29.41,0.403387,0.473425,0.39094,0.269032,1,0,
126,2026-10-06 18:03:31,110.5,70.2753439536568,0.406563233164374,0.410380358435916,30.033,0.394476,0.408822,0.311551,0.274731,1,0,
126,2026-10-06 18:04:30,111.4833,70.3833027522936,0.436743706422018,0.440689467889908,30.906,0.395082,0.439171,0.334561,0.282717,1,0,
126,2026-10-06 18:05:31,112.5,71.73515625,0.446866953125,0.45264337890625,35.216,0.40267,0.44935,0.343636,0.322143,1,0,
126,2026-10-06 18:06:31,113.5,69.6925663055659,0.445006144938364,0.452799738513261,36.71,0.391204,0.447479,0.343755,0.33581,1,0,
126,2026-10-06 18:07:31,114.5,69.7202548248079,0.458615739179314,0.462202004871651,32.731,0.39136,0.461164,0.350893,0.299411,1,0,
126,2026-10-06 18:08:30,115.4833,70.2673905042326,0.432542546926758,0.440952410747148,33.863,0.394431,0.434946,0.33476,0.309766,1,0,
126,2026-10-06 18:09:31,116.5,70.8284090909091,0.48238303030303,0.517962632575758,38.189,0.39758,0.485064,0.393225,0.349339,1,0,
126,2026-10-06 18:10:29,117.4667,68.5743599765488,0.415252218096541,0.418794606214579,28.79,0.384928,0.41756,0.317939,0.26336,1,0,
126,2026-10-06 18:11:30,118.4833,70.2919385796545,0.442021266794626,0.443701209213052,31.533,0.394569,0.444478,0.336847,0.288452,1,0,
126,2026-10-06 18:12:30,119.4833,69.0999266593326,0.430473138980565,0.440831188118812,29.746,0.387878,0.432865,0.334668,0.272105,1,0,
126,2026-10-06 18:13:31,120.5,70.5014332123065,0.436365316262182,0.444643646092108,29.863,0.395745,0.43879,0.337563,0.273176,1,0,
126,2026-10-06 18:14:30,121.4833,72.3005356080143,0.500587998413013,0.529808133306884,48.248,0.405844,0.50337,0.402217,0.441355,1,0,
126,2026-10-06 18:15:30,122.4833,71.4927179875166,0.465189672782296,0.475757669756005,48.248,0.401309,0.467775,0.361184,0.441355,1,0,
126,2026-10-06 18:16:30,123.4833,70.3360331884631,0.622048854207823,0.877265270644014,109.09,0.394816,0.625505,0.665999,0.997915,1,1,"W_USERIO,SQL_RT,APP_P50_MS"
126,2026-10-06 18:17:30,124.4833,71.2154316271963,0.573821218487395,0.846711802902979,43.936,0.399753,0.57701,0.642803,0.40191,1,1,"W_USERIO,SQL_RT"
126,2026-10-06 18:18:30,125.4833,70.5846893491124,0.479908542899408,0.635356564349112,36.732,0.396212,0.482575,0.482347,0.336011,1,1,W_USERIO
126,2026-10-06 18:19:30,126.4833,70.6893058161351,0.583874015009381,0.811007767354597,36.732,0.396799,0.587119,0.615697,0.336011,1,1,"W_USERIO,SQL_RT"
126,2026-10-06 18:20:31,127.5,70.8344259224574,0.538913410751077,0.726291777486421,44.72,0.397614,0.541908,0.551383,0.409082,1,1,"W_USERIO,SQL_RT"
126,2026-10-06 18:21:30,128.4833,70.4227333206615,0.525412450104543,0.661560634860293,39.638,0.395303,0.528332,0.502241,0.362594,1,0,
126,2026-10-06 18:22:30,129.4833,68.1674550614948,0.481317578051088,0.596757634815516,37.48,0.382644,0.483992,0.453044,0.342853,1,0,
126,2026-10-06 18:23:30,130.4833,70.6878494222885,0.505040551621319,0.603935147223258,34.592,0.396791,0.507847,0.458493,0.316435,1,0,
126,2026-10-06 18:24:30,131.4833,69.9211272933611,0.510244051446945,0.615796217136372,38.622,0.392487,0.513079,0.467498,0.3533,1,0,
126,2026-10-06 18:25:31,132.5,70.3565048543689,0.508804854368932,0.587097611650485,37.426,0.394931,0.511632,0.44571,0.342359,1,0,
126,2026-10-06 18:26:31,133.5,69.6099746736801,0.495097779076563,0.549664815897136,40.27,0.390741,0.497849,0.417292,0.368375,1,0,
126,2026-10-06 18:27:29,134.4667,71.1370848708487,0.529894151291513,0.591360701107011,45.454,0.399313,0.532839,0.448947,0.415796,1,0,
126,2026-10-06 18:28:30,135.4833,70.3130787037037,0.508289834104938,0.541806442901235,39.327,0.394688,0.511114,0.411326,0.359749,1,0,
126,2026-10-06 18:29:29,136.4667,69.0678856662463,0.585438461538462,0.66582202606137,39.327,0.387698,0.588692,0.505476,0.359749,1,0,
126,2026-10-06 18:30:30,137.4833,70.9552672347018,0.56536605344694,0.602705247869868,68.135,0.398292,0.568508,0.457559,0.623274,1,0,
126,2026-10-06 18:31:31,138.5,70.8549089469517,0.496945486935867,0.539896278701504,42.389,0.397729,0.499707,0.409876,0.387759,1,0,
126,2026-10-06 18:32:30,139.4833,72.1882893226177,0.530694910065059,0.578420130118638,46.145,0.405214,0.533644,0.439123,0.422117,1,1,PWRITES
126,2026-10-06 18:33:30,140.4833,68.8710380348653,0.429336469889065,0.441083280507132,29.269,0.386593,0.431722,0.33486,0.267742,1,0,
126,2026-10-06 18:34:30,141.4833,70.1712029918969,0.469827508830251,0.489554622896322,29.36,0.393891,0.472438,0.371658,0.268574,1,0,
126,2026-10-06 18:35:29,142.4667,69.7215237380371,0.438201463689248,0.45414098329893,31.949,0.391367,0.440636,0.344773,0.292258,1,0,
126,2026-10-06 18:36:30,143.4833,70.1646074890705,0.42459173160996,0.434750636761072,29.539,0.393854,0.426951,0.330052,0.270212,1,0,
126,2026-10-06 18:37:30,144.4833,73.0228481386646,0.439104924167816,0.450247035650975,28.603,0.409898,0.441545,0.341817,0.26165,1,0,
126,2026-10-06 18:38:30,145.4833,74.0718210361068,0.462628630298273,0.479027708006279,29.448,0.415787,0.465199,0.363666,0.269379,1,0,
126,2026-10-06 18:39:31,146.5,73.4573954983923,0.451546061093248,0.467265353697749,32.418,0.412338,0.454055,0.354737,0.296548,1,0,
126,2026-10-06 18:40:30,147.4833,76.8358662613982,0.445335339412361,0.456006646403242,34.655,0.431302,0.44781,0.346189,0.317011,1,0,
126,2026-10-06 18:41:31,148.5,76.7233828846927,0.470799939734833,0.481018461229409,36.802,0.43067,0.473416,0.365178,0.336651,1,0,
126,2026-10-06 18:42:30,149.4833,77.997302504817,0.464319055876686,0.473384816955684,31.488,0.437821,0.466899,0.359382,0.288041,1,0,
126,2026-10-06 18:43:30,150.4833,77.7556772100568,0.487177777777778,0.497828304947283,33.172,0.436465,0.489885,0.377939,0.303445,1,0,
126,2026-10-06 18:44:31,151.5,79.4584026622296,0.518313477537438,0.53217947171381,40.6,0.446023,0.521194,0.404018,0.371394,1,0,
126,2026-10-06 18:45:29,152.4667,78.5537634408602,0.480994168734491,0.514167183622829,35.681,0.440945,0.483667,0.390343,0.326397,1,0,
126,2026-10-06 18:46:30,153.4833,79.7022332506204,0.483914392059553,0.493393444995864,35.702,0.447392,0.486603,0.374572,0.326589,1,0,
126,2026-10-06 18:47:30,154.4833,79.589800443459,0.54004841765773,0.591218020560371,35.702,0.446761,0.543049,0.448838,0.326589,1,1,PWRITES
126,2026-10-06 18:48:30,155.4833,78.3927990235964,0.455691517493897,0.46376769731489,32.373,0.440041,0.458224,0.352081,0.296136,1,0,
126,2026-10-06 18:49:31,156.5,80.1513742926435,0.530361156022635,0.544117987065481,36.37,0.449913,0.533308,0.413081,0.332699,1,0,
126,2026-10-06 18:50:30,157.4833,78.6815619127166,0.472456337439967,0.478188828565463,36.37,0.441662,0.475082,0.363029,0.332699,1,0,
126,2026-10-06 18:51:30,158.4833,80.0917904290429,0.489538077557756,0.496096472772277,30.598,0.449578,0.492258,0.376624,0.279899,1,0,
126,2026-10-06 18:52:31,159.5,79.4055374592834,0.462817589576547,0.470172923452769,30.767,0.445726,0.465389,0.356944,0.281445,1,0,
126,2026-10-06 18:53:30,160.4833,76.5287925696594,0.462162002063983,0.46864,33.201,0.429578,0.46473,0.35578,0.303711,1,0,
126,2026-10-06 18:54:30,161.4833,79.8415159345392,0.510396683893195,0.527165310077519,33.821,0.448173,0.513233,0.400211,0.309382,1,0,
126,2026-10-06 18:55:31,162.5,79.4403361344538,0.488563046218487,0.496122941176471,32.602,0.445922,0.491278,0.376645,0.298231,1,0,
126,2026-10-06 18:56:31,163.5,79.6000881834215,0.468397685185185,0.476376014109347,31.753,0.446818,0.471001,0.361653,0.290465,1,0,
126,2026-10-06 18:57:29,164.4667,79.2138535364073,0.498075109534738,0.509019194658878,34.216,0.44465,0.500843,0.386435,0.312995,1,0,
126,2026-10-06 18:58:30,165.4833,79.5923330585326,0.476071022258862,0.478555461665293,31.408,0.446775,0.478716,0.363308,0.287309,1,0,
126,2026-10-06 18:59:30,166.4833,80.1118835542038,0.544779209211384,0.565699978275038,46.793,0.449691,0.547806,0.429466,0.428045,1,0,
126,2026-10-06 19:00:30,167.4833,77.7863693205502,0.502928970404335,0.643002459358066,32.992,0.436637,0.505724,0.488152,0.301799,1,1,W_CONCUR
126,2026-10-06 19:01:30,168.4833,78.9080535439982,0.485275663813913,0.488329317533465,32.992,0.442934,0.487972,0.370728,0.301799,1,0,
126,2026-10-06 19:02:30,169.4833,78.8931085982505,0.488873159803712,0.497662065286964,32.68,0.44285,0.49159,0.377813,0.298945,1,0,
126,2026-10-06 19:03:31,170.5,78.6239811239811,0.478815615615616,0.482767331617332,31.619,0.441339,0.481476,0.366505,0.289239,1,0,
126,2026-10-06 19:04:30,171.4833,78.6391248937978,0.527535110450297,0.542735407816483,37.677,0.441424,0.530467,0.412032,0.344655,1,0,
126,2026-10-06 19:05:30,172.4833,77.9707602339181,0.468458024691358,0.473396036387264,32.253,0.437672,0.471061,0.359391,0.295039,1,0,
126,2026-10-06 19:06:29,173.4667,77.8121641951429,0.508517064259617,0.513453277455405,32.253,0.436782,0.511343,0.389801,0.295039,1,0,
126,2026-10-06 19:07:30,174.4833,79.5898319689789,0.538726195605343,0.549471327014218,35.528,0.446761,0.54172,0.417145,0.324997,1,0,
126,2026-10-06 19:08:30,175.4833,79.4048414023372,0.489542988313856,0.492706469115192,35.132,0.445722,0.492263,0.374051,0.321375,1,0,
126,2026-10-06 19:09:31,176.5,78.3427428317404,0.51056341409202,0.51607346076906,32.733,0.43976,0.513401,0.39179,0.299429,1,0,
126,2026-10-06 19:10:29,177.4667,79.3184394071491,0.512729206625981,0.518820030514385,35.737,0.445237,0.515578,0.393876,0.326909,1,0,
126,2026-10-06 19:11:30,178.4833,78.8340884573894,0.511286925566343,0.520990938511327,34.255,0.442518,0.514128,0.395524,0.313352,1,0,
126,2026-10-06 19:12:31,179.5,119.314235345967,0.422288453063023,0.738913618334068,18.721,0.669745,0.424635,0.560965,0.171253,1,1,"ENQ_WAITS,W_CONFIG,W_OTHER"
126,2026-10-06 19:13:30,180.4833,42.0823913043478,0.241781630434783,0.247383934782609,16.174,0.236221,0.243125,0.187808,0.147954,1,0,
126,2026-10-06 19:14:30,181.4833,42.3833446481104,0.260084453496266,0.275657795881421,27.079,0.23791,0.26153,0.209273,0.247709,1,0,
126,2026-10-06 19:15:30,182.4833,41.3906149560746,0.251731219198629,0.265337668737947,27.079,0.232337,0.25313,0.201438,0.247709,0,0,
126,2026-10-06 19:16:31,183.5,43.3445516592139,0.410353259590492,0.679241845140033,93.071,0.243305,0.412634,0.515664,0.851379,0,1,"W_USERIO,SQL_RT"
126,2026-10-06 19:17:30,184.4833,44.3174468085106,0.339778340425532,0.540044234042553,34.558,0.248767,0.341666,0.409988,0.316124,0,1,W_USERIO
126,2026-10-06 19:18:30,185.4833,43.0700839192561,0.288091902925834,0.448178997505103,28.76,0.241765,0.289693,0.340247,0.263086,0,0,
126,2026-10-06 19:19:31,186.5,43.6547819802457,0.337944374849434,0.547907636714045,43.971,0.245047,0.339822,0.415958,0.402231,0,1,W_USERIO
126,2026-10-06 19:20:30,187.4833,42.1459951187042,0.309327889948968,0.458086665187486,30.064,0.236578,0.311047,0.347768,0.275014,0,0,
126,2026-10-06 19:21:30,188.4833,42.6561721404303,0.292270101925255,0.418024212910532,31.121,0.239441,0.293894,0.317354,0.284683,0,0,
126,2026-10-06 19:22:30,189.4833,88.6899206719552,0.366807909472702,0.527507186187588,33.394,0.497842,0.368846,0.400471,0.305476,0,0,
126,2026-10-06 19:23:31,190.5,43.7209459459459,0.294925495495496,0.398733355855856,29.456,0.245418,0.296564,0.302709,0.269453,0,0,
126,2026-10-06 19:24:30,191.4833,42.0914760914761,0.297611226611227,0.396308154308154,26.692,0.236272,0.299265,0.300868,0.244169,0,0,
126,2026-10-06 19:25:30,192.4833,43.0554936483174,0.282592779139737,0.359111299309115,27.032,0.241683,0.284163,0.272629,0.247279,0,0,
126,2026-10-06 19:26:30,193.4833,42.9447294776119,0.277463059701493,0.32653682369403,24.835,0.241061,0.279005,0.247899,0.227181,0,0,
126,2026-10-06 19:27:30,194.4833,42.8505166475316,0.278039839265212,0.329645602755454,21.07,0.240532,0.279585,0.250259,0.192741,0,0,
126,2026-10-06 19:28:31,195.5,41.6274819494585,0.254818975631769,0.293150045126354,17.673,0.233667,0.256235,0.222552,0.161666,0,0,
126,2026-10-06 19:29:31,196.5,42.2585320243104,0.285526554464703,0.342771809256662,33.143,0.237209,0.287113,0.260224,0.30318,0,0,
126,2026-10-06 19:30:30,197.4833,42.7569230769231,0.267758769230769,0.296668402366864,21.557,0.240007,0.269247,0.225223,0.197196,0,0,
126,2026-10-06 19:31:30,198.4833,42.5575471698113,0.257437169811321,0.288632924528302,22.407,0.238888,0.258868,0.219123,0.204971,0,0,
126,2026-10-06 19:32:30,199.4833,43.6786830088921,0.280987695265561,0.30688336938236,19.971,0.245181,0.282549,0.232978,0.182687,0,0,
126,2026-10-06 19:33:30,200.4833,42.1980800749239,0.250938562397565,0.273205197845938,17.959,0.23687,0.252333,0.207411,0.164282,0,0,
126,2026-10-06 19:34:31,201.5,42.7742245732147,0.243841332050974,0.260670137052176,21.235,0.240104,0.245196,0.197894,0.19425,0,0,
126,2026-10-06 19:35:30,202.4833,43.3056070435589,0.243231649675626,0.261464990732159,20.432,0.243087,0.244583,0.198498,0.186904,0,0,
126,2026-10-06 19:36:30,203.4833,42.7696929238985,0.251857632398754,0.264104917668002,20.559,0.240079,0.253257,0.200502,0.188066,0,0,
126,2026-10-06 19:37:30,204.4833,42.294842537654,0.235269260611593,0.247875216795984,17.804,0.237413,0.236577,0.188181,0.162864,0,0,
126,2026-10-06 19:38:30,205.4833,43.0301065308013,0.239240018527096,0.249022464103752,19.244,0.24154,0.240569,0.189052,0.176037,0,0,
126,2026-10-06 19:39:30,206.4833,43.3374853113984,0.293074359576968,0.317000822561692,36.777,0.243266,0.294703,0.240659,0.336422,0,0,
126,2026-10-06 19:40:30,207.4833,42.936401480111,0.25809835800185,0.266212534690102,36.777,0.241014,0.259533,0.202102,0.336422,0,0,
126,2026-10-06 19:41:30,208.4833,42.0290017985612,0.251627270683453,0.264695616007194,18.512,0.235921,0.253026,0.20095,0.169341,0,0,
126,2026-10-06 19:42:31,209.5,42.2845695970696,0.256016735347985,0.265411858974359,20.035,0.237355,0.257439,0.201494,0.183273,0,0,
