RUN_TAG,DETECTOR,RUN_ID,SCENARIO,INTENSITY,CAUGHT,ALERT_START,LIVE_SAME_START,LIVE_OPENED_TS,LIVE_TTD_WRITE_MIN,LIVE_FIRST_START_IN_WINDOW
EVAL_TEST,MSET,114,io_storm,HIGH,Y,2026-10-06 01:01:30,1,2026-10-06 01:03:09.494,2.1416,2026-10-06 01:01:30
EVAL_TEST,MSET,115,cpu_hog,HIGH,Y,2026-10-06 02:38:30,1,2026-10-06 02:40:09.108,3.1351,2026-10-06 02:38:30
EVAL_TEST,MSET,116,temp_spill,LOW,Y,2026-10-06 04:14:31,1,2026-10-06 04:16:09.648,3.1608,2026-10-06 04:14:31
EVAL_TEST,MSET,117,plan_regression,LOW,Y,2026-10-06 05:52:30,1,2026-10-06 05:54:08.963,3.1327,2026-10-06 05:52:30
EVAL_TEST,MSET,118,hard_parse_storm,LOW,Y,2026-10-06 07:25:30,1,2026-10-06 07:27:09.827,2.1638,2026-10-06 07:25:30
EVAL_TEST,MSET,121,blocking_chain,HIGH,Y,2026-10-06 09:04:30,1,2026-10-06 09:08:09.813,6.1469,2026-10-06 09:04:30
EVAL_TEST,MSET,122,conn_leak,LOW,N,,0,,,
EVAL_TEST,MSET,123,app_error_burst,LOW,N,,0,,,
EVAL_TEST,MSET,124,batch_wrong_time,LOW,Y,2026-10-06 13:21:31,1,2026-10-06 13:23:09.328,3.1388,2026-10-06 13:21:31
EVAL_TEST,MSET,125,logon_storm,LOW,Y,2026-10-06 14:48:31,1,2026-10-06 14:50:09.700,3.145,2026-10-06 14:48:31
EVAL_TEST,MSET,126,slow_drift,LOW,Y,2026-10-06 17:10:31,1,2026-10-06 17:12:09.266,59.1378,2026-10-06 17:10:31
EVAL_TEST,MSET,127,commit_storm,HIGH,Y,2026-10-06 19:59:30,1,2026-10-06 20:01:09.366,3.1394,2026-10-06 19:59:30
EVAL_TEST,MSET,128,conn_leak,HIGH,Y,2026-10-06 21:32:30,1,2026-10-06 21:34:09.254,3.1376,2026-10-06 21:32:30
EVAL_TEST,MSET,129,conn_leak,HIGH,Y,2026-10-06 23:01:30,1,2026-10-06 23:03:09.065,3.1344,2026-10-06 23:01:30
EVAL_TEST,STATIC,114,io_storm,HIGH,Y,2026-10-06 01:01:30,1,2026-10-06 01:03:09.610,2.1435,2026-10-06 01:01:30
EVAL_TEST,STATIC,115,cpu_hog,HIGH,Y,2026-10-06 02:38:30,1,2026-10-06 02:40:09.250,3.1375,2026-10-06 02:38:30
EVAL_TEST,STATIC,116,temp_spill,LOW,Y,2026-10-06 04:14:31,1,2026-10-06 04:16:09.813,3.1636,2026-10-06 04:14:31
EVAL_TEST,STATIC,117,plan_regression,LOW,Y,2026-10-06 06:02:30,1,2026-10-06 06:04:09.195,13.1366,2026-10-06 06:02:30
EVAL_TEST,STATIC,118,hard_parse_storm,LOW,Y,2026-10-06 07:27:31,1,2026-10-06 07:29:09.010,4.1502,2026-10-06 07:27:31
EVAL_TEST,STATIC,121,blocking_chain,HIGH,Y,2026-10-06 09:05:31,1,2026-10-06 09:08:09.956,6.1493,2026-10-06 09:05:31
EVAL_TEST,STATIC,122,conn_leak,LOW,Y,2026-10-06 10:34:30,1,2026-10-06 10:36:09.368,3.1228,2026-10-06 10:34:30
EVAL_TEST,STATIC,123,app_error_burst,LOW,N,,0,,,
EVAL_TEST,STATIC,124,batch_wrong_time,LOW,Y,2026-10-06 13:21:31,1,2026-10-06 13:23:09.492,3.1415,2026-10-06 13:21:31
EVAL_TEST,STATIC,125,logon_storm,LOW,Y,2026-10-06 14:48:31,1,2026-10-06 14:50:09.835,3.1473,2026-10-06 14:48:31
EVAL_TEST,STATIC,126,slow_drift,LOW,Y,2026-10-06 16:18:30,1,2026-10-06 16:20:09.475,7.1413,2026-10-06 16:18:30
EVAL_TEST,STATIC,127,commit_storm,HIGH,Y,2026-10-06 19:59:30,1,2026-10-06 20:01:09.541,3.1424,2026-10-06 19:59:30
EVAL_TEST,STATIC,128,conn_leak,HIGH,Y,2026-10-06 21:32:30,1,2026-10-06 21:34:09.369,3.1395,2026-10-06 21:32:30
EVAL_TEST,STATIC,129,conn_leak,HIGH,Y,2026-10-06 23:01:30,1,2026-10-06 23:03:09.202,3.1367,2026-10-06 23:01:30
