RUN_TAG,DETECTOR,EPISODE_NO,START_TS,END_OR_LAST_TS,STATUS,MINUTES,FIRED,TOP_SIGNALS,CLASSIFICATION
EVAL_DEV,MSET,1,2026-10-05 01:03:30,2026-10-05 01:41:30,CLOSED,38,,"W_CONFIG,REDO,PWRITES,LIO_TXN,BLKCHG",false alarm
EVAL_DEV,MSET,2,2026-10-05 02:28:31,2026-10-05 02:56:31,CLOSED,28,,"TXN,SQL_RT,RT_TXN,LOGONS,LIO_TXN",catch of 101 logon_storm HIGH
EVAL_DEV,MSET,3,2026-10-05 04:07:29,2026-10-05 04:34:30,CLOSED,27,,"W_CONCUR,WAIT_RATIO,TXN,SQL_RT,RT_TXN",catch of 102 io_storm LOW
EVAL_DEV,MSET,4,2026-10-05 06:05:30,2026-10-05 08:57:31,CLOSED,172,,"REDO,BLKCHG,PWRITES,LOGONS,W_CONFIG",catch of 103 slow_drift HIGH
EVAL_DEV,MSET,5,2026-10-05 09:32:30,2026-10-05 10:01:30,CLOSED,29,,"W_CONFIG,W_CONCUR,WAIT_RATIO,SQL_RT,RT_TXN",catch of 104 batch_wrong_time HIGH
EVAL_DEV,MSET,6,2026-10-05 10:53:30,2026-10-05 11:17:30,CLOSED,24,,"TXN,ENQ_WAITS,COMMITS,CALLS,APP_TPS",catch of 105 commit_storm LOW
EVAL_DEV,MSET,7,2026-10-05 12:31:29,2026-10-05 13:07:30,CLOSED,36,,"SESSIONS,LOGONS",catch of 106 conn_leak HIGH
EVAL_DEV,MSET,8,2026-10-05 14:01:30,2026-10-05 14:30:30,CLOSED,29,,"SQL_RT,LOGONS,CPU_TXN,BLKCHG,W_CONFIG",catch of 107 cpu_hog LOW
EVAL_DEV,MSET,9,2026-10-05 15:22:30,2026-10-05 15:41:30,CLOSED,19,,"W_CONFIG,W_APPL,TEMP,SQL_RT,REDO",catch of 108 blocking_chain LOW
EVAL_DEV,MSET,10,2026-10-05 16:50:31,2026-10-05 17:30:30,CLOSED,40,,"W_COMMIT,TEMP,SESSIONS,REDO,PWRITES",catch of 109 temp_spill HIGH
EVAL_DEV,MSET,11,2026-10-05 18:10:30,2026-10-05 18:36:30,CLOSED,26,,"PWRITES,W_CONCUR",catch of 110 app_error_burst HIGH
EVAL_DEV,MSET,12,2026-10-05 19:34:30,2026-10-05 20:03:30,CLOSED,29,,"W_CONFIG,W_CONCUR,WAIT_RATIO,TXN,SQL_RT",catch of 111 plan_regression HIGH
EVAL_DEV,MSET,13,2026-10-05 20:59:31,2026-10-05 21:18:30,CLOSED,19,,"W_CONFIG,W_CONCUR,W_COMMIT,W_APPL,WAIT_RATIO",catch of 112 blocking_chain HIGH
EVAL_DEV,MSET,14,2026-10-05 22:18:30,2026-10-05 22:43:31,CLOSED,25,,"PWRITES,W_CONCUR",catch of 113 app_error_burst HIGH
EVAL_DEV,SVM,1,2026-10-05 01:05:30,2026-10-05 01:39:30,CLOSED,34,,HARDPARSE,catch of 81 hard_parse_storm HIGH
EVAL_DEV,SVM,2,2026-10-05 02:28:31,2026-10-05 02:54:30,CLOSED,26,,,catch of 101 logon_storm HIGH
EVAL_DEV,SVM,3,2026-10-05 04:07:29,2026-10-05 04:32:30,CLOSED,25,,,catch of 102 io_storm LOW
EVAL_DEV,SVM,4,2026-10-05 07:01:30,2026-10-05 08:55:31,CLOSED,114,,"CPU,LIO,SQL_RT,DBTIME,CPU_TXN",catch of 103 slow_drift HIGH
EVAL_DEV,SVM,5,2026-10-05 09:32:30,2026-10-05 10:09:31,CLOSED,37,,"PWRITES,REDO,PIO_BYTES,PIO,BLKCHG",catch of 104 batch_wrong_time HIGH
EVAL_DEV,SVM,6,2026-10-05 12:31:29,2026-10-05 13:09:30,CLOSED,38,,SESSIONS,catch of 106 conn_leak HIGH
EVAL_DEV,SVM,7,2026-10-05 15:22:30,2026-10-05 15:39:31,CLOSED,17,,"W_APPL,WAIT_RATIO,W_COMMIT,LIO,HARDPARSE",catch of 108 blocking_chain LOW
EVAL_DEV,SVM,8,2026-10-05 16:50:31,2026-10-05 17:28:30,CLOSED,38,,"PIO_BYTES,PIO",catch of 109 temp_spill HIGH
EVAL_DEV,SVM,9,2026-10-05 19:34:30,2026-10-05 20:01:30,CLOSED,27,,"LIO,LIO_TXN,CPU,CPU_TXN,SQL_RT",catch of 111 plan_regression HIGH
EVAL_DEV,EM,1,2026-10-05 01:05:30,2026-10-05 01:39:30,CLOSED,34,,,catch of 81 hard_parse_storm HIGH
EVAL_DEV,EM,2,2026-10-05 02:28:31,2026-10-05 02:54:30,CLOSED,26,,,catch of 101 logon_storm HIGH
EVAL_DEV,EM,3,2026-10-05 04:07:29,2026-10-05 04:34:30,CLOSED,27,,,catch of 102 io_storm LOW
EVAL_DEV,EM,4,2026-10-05 06:04:29,2026-10-05 08:55:31,CLOSED,171,,"LIO_TXN,LIO",catch of 103 slow_drift HIGH
EVAL_DEV,EM,5,2026-10-05 09:31:31,2026-10-05 10:09:31,CLOSED,38,,,catch of 104 batch_wrong_time HIGH
EVAL_DEV,EM,6,2026-10-05 10:54:31,2026-10-05 11:15:30,CLOSED,21,,COMMITS,catch of 105 commit_storm LOW
EVAL_DEV,EM,7,2026-10-05 14:03:31,2026-10-05 14:27:31,CLOSED,24,,,catch of 107 cpu_hog LOW
EVAL_DEV,EM,8,2026-10-05 15:22:30,2026-10-05 15:39:31,CLOSED,17,,,catch of 108 blocking_chain LOW
EVAL_DEV,EM,9,2026-10-05 16:50:31,2026-10-05 17:30:30,CLOSED,40,,,catch of 109 temp_spill HIGH
EVAL_DEV,EM,10,2026-10-05 18:10:30,2026-10-05 18:34:31,CLOSED,24,,W_APPL,catch of 110 app_error_burst HIGH
EVAL_DEV,EM,11,2026-10-05 19:34:30,2026-10-05 20:10:30,CLOSED,36,,,catch of 111 plan_regression HIGH
EVAL_DEV,PCA,1,2026-10-05 01:05:30,2026-10-05 01:39:30,CLOSED,34,,"HARDPARSE,EXECS,LONGSCANS,PARSE,PIO_BYTES",catch of 81 hard_parse_storm HIGH
EVAL_DEV,PCA,2,2026-10-05 02:28:31,2026-10-05 02:54:30,CLOSED,26,,"PWRITES,SESSIONS,WAIT_RATIO,W_CONFIG,BLKCHG",catch of 101 logon_storm HIGH
EVAL_DEV,PCA,3,2026-10-05 04:07:29,2026-10-05 04:32:30,CLOSED,25,,"PIO_BYTES,PIO,ENQ_WAITS,LONGSCANS,W_APPL",catch of 102 io_storm LOW
EVAL_DEV,PCA,4,2026-10-05 06:53:31,2026-10-05 08:55:31,CLOSED,122,,"SQL_RT,CPU_TXN,CPU,APP_P50_MS,LIO",catch of 103 slow_drift HIGH
EVAL_DEV,PCA,5,2026-10-05 09:32:30,2026-10-05 09:59:30,CLOSED,27,,"PWRITES,WAIT_RATIO,LIO_TXN,REDO,APP_P95_MS",catch of 104 batch_wrong_time HIGH
EVAL_DEV,PCA,6,2026-10-05 12:31:29,2026-10-05 13:05:31,CLOSED,34,,"WAIT_RATIO,SESSIONS,W_CONFIG,PWRITES,W_USERIO",catch of 106 conn_leak HIGH
EVAL_DEV,PCA,7,2026-10-05 14:03:31,2026-10-05 14:27:31,CLOSED,24,,"CPU_TXN,SQL_RT,WAIT_RATIO,CPU,APP_P50_MS",catch of 107 cpu_hog LOW
EVAL_DEV,PCA,8,2026-10-05 15:22:30,2026-10-05 15:39:31,CLOSED,17,,"W_APPL,W_OTHER,W_USERIO,ENQ_WAITS,WAIT_RATIO",catch of 108 blocking_chain LOW
EVAL_DEV,PCA,9,2026-10-05 16:50:31,2026-10-05 17:28:30,CLOSED,38,,"PIO_BYTES,PIO,ENQ_WAITS,REDO,LONGSCANS",catch of 109 temp_spill HIGH
EVAL_DEV,PCA,10,2026-10-05 19:34:30,2026-10-05 20:01:30,CLOSED,27,,"LIO_TXN,LIO,TEMP,W_CONCUR,PWRITES",catch of 111 plan_regression HIGH
EVAL_DEV,IFOREST,1,2026-10-05 01:05:30,2026-10-05 01:39:30,CLOSED,34,,,catch of 81 hard_parse_storm HIGH
EVAL_DEV,IFOREST,2,2026-10-05 02:28:31,2026-10-05 02:54:30,CLOSED,26,,,catch of 101 logon_storm HIGH
EVAL_DEV,IFOREST,3,2026-10-05 04:07:29,2026-10-05 04:32:30,CLOSED,25,,,catch of 102 io_storm LOW
EVAL_DEV,IFOREST,4,2026-10-05 06:21:30,2026-10-05 08:55:31,CLOSED,154,,,catch of 103 slow_drift HIGH
EVAL_DEV,IFOREST,5,2026-10-05 09:32:30,2026-10-05 10:09:31,CLOSED,37,,,catch of 104 batch_wrong_time HIGH
EVAL_DEV,IFOREST,6,2026-10-05 14:16:29,2026-10-05 14:27:31,CLOSED,11,,,catch of 107 cpu_hog LOW
EVAL_DEV,IFOREST,7,2026-10-05 15:25:30,2026-10-05 15:39:31,CLOSED,14,,,catch of 108 blocking_chain LOW
EVAL_DEV,IFOREST,8,2026-10-05 16:50:31,2026-10-05 17:28:30,CLOSED,38,,,catch of 109 temp_spill HIGH
EVAL_DEV,IFOREST,9,2026-10-05 19:34:30,2026-10-05 20:10:30,CLOSED,36,,,catch of 111 plan_regression HIGH
EVAL_DEV,STATIC,1,2026-10-05 01:05:30,2026-10-05 01:39:30,CLOSED,34,"HARDPARSE,CPU_TXN,PARSE,RT_TXN","HARDPARSE,CPU_TXN,PARSE,RT_TXN,CPU",catch of 81 hard_parse_storm HIGH
EVAL_DEV,STATIC,2,2026-10-05 02:28:31,2026-10-05 02:54:30,CLOSED,26,"LOGONS,CPU_TXN,RT_TXN,APP_P50_MS,TXN,APP_P95_MS","LOGONS,CPU_TXN,RT_TXN,APP_P50_MS,TXN",catch of 101 logon_storm HIGH
EVAL_DEV,STATIC,3,2026-10-05 04:07:29,2026-10-05 04:32:30,CLOSED,25,"PIO,PIO_BYTES,LIO_TXN,SQL_RT,CPU_TXN,W_USERIO","PIO,PIO_BYTES,LIO_TXN,SQL_RT,LIO",catch of 102 io_storm LOW
EVAL_DEV,STATIC,4,2026-10-05 06:56:30,2026-10-05 09:09:30,CLOSED,133,SQL_RT,SQL_RT,catch of 103 slow_drift HIGH
EVAL_DEV,STATIC,5,2026-10-05 09:31:31,2026-10-05 10:10:30,CLOSED,39,PWRITES,"PWRITES,TEMP,PIO,PIO_BYTES,REDO",catch of 104 batch_wrong_time HIGH
EVAL_DEV,STATIC,6,2026-10-05 10:53:30,2026-10-05 11:15:30,CLOSED,22,COMMITS,"COMMITS,TXN",catch of 105 commit_storm LOW
EVAL_DEV,STATIC,7,2026-10-05 12:31:29,2026-10-05 13:09:30,CLOSED,38,SESSIONS,SESSIONS,catch of 106 conn_leak HIGH
EVAL_DEV,STATIC,8,2026-10-05 14:01:30,2026-10-05 14:28:31,CLOSED,27,SQL_RT,"SQL_RT,CPU_TXN",catch of 107 cpu_hog LOW
EVAL_DEV,STATIC,9,2026-10-05 15:22:30,2026-10-05 15:41:30,CLOSED,19,"W_APPL,WAIT_RATIO","W_APPL,WAIT_RATIO",catch of 108 blocking_chain LOW
EVAL_DEV,STATIC,10,2026-10-05 16:50:31,2026-10-05 17:29:31,CLOSED,39,"PWRITES,TEMP,PIO,PIO_BYTES,W_USERIO,SQL_RT","PWRITES,TEMP,PIO,PIO_BYTES,W_USERIO",catch of 109 temp_spill HIGH
EVAL_DEV,STATIC,11,2026-10-05 19:34:30,2026-10-05 20:01:30,CLOSED,27,"LONGSCANS,LIO_TXN,LIO,SQL_RT,CPU_TXN,RT_TXN","LONGSCANS,LIO_TXN,LIO,SQL_RT,APP_P95_MS",catch of 111 plan_regression HIGH
EVAL_DEV,SEASONAL,1,2026-10-05 00:29:30,2026-10-06 00:26:30,OPEN,1437,"PIO,PIO_BYTES","LOGONS,PARSE,PIO,PIO_BYTES,W_USERIO",false alarm
EVAL_TEST,MSET,1,2026-10-06 01:01:30,2026-10-06 01:42:30,CLOSED,41,,"W_CONCUR,WAIT_RATIO,SQL_RT,SESSIONS,REDO",catch of 114 io_storm HIGH
EVAL_TEST,MSET,2,2026-10-06 02:38:30,2026-10-06 03:07:30,CLOSED,29,,"W_CONFIG,W_COMMIT,WAIT_RATIO,SQL_RT,RT_TXN",catch of 115 cpu_hog HIGH
EVAL_TEST,MSET,3,2026-10-06 04:14:31,2026-10-06 04:51:29,CLOSED,37,,"W_CONCUR,SQL_RT,REDO,PWRITES,PIO_BYTES",catch of 116 temp_spill LOW
EVAL_TEST,MSET,4,2026-10-06 05:52:30,2026-10-06 06:36:30,CLOSED,44,,"W_CONFIG,REDO,BLKCHG,SQL_RT,LOGONS",catch of 117 plan_regression LOW
EVAL_TEST,MSET,5,2026-10-06 07:25:30,2026-10-06 07:53:30,CLOSED,28,,"LOGONS,W_CONFIG,SQL_RT,REDO,HARDPARSE",catch of 118 hard_parse_storm LOW
EVAL_TEST,MSET,6,2026-10-06 09:04:30,2026-10-06 09:41:29,CLOSED,37,,"W_CONFIG,W_CONCUR,W_COMMIT,W_APPL,WAIT_RATIO",catch of 121 blocking_chain HIGH
EVAL_TEST,MSET,7,2026-10-06 10:19:31,2026-10-06 11:00:30,CLOSED,41,,"LOGONS,SQL_RT",false alarm
EVAL_TEST,MSET,8,2026-10-06 13:21:31,2026-10-06 13:45:30,CLOSED,24,,"W_CONFIG,W_CONCUR,SQL_RT,RT_TXN,REDO",catch of 124 batch_wrong_time LOW
EVAL_TEST,MSET,9,2026-10-06 14:21:30,2026-10-06 14:41:29,CLOSED,20,,"LOGONS,SQL_RT",false alarm
EVAL_TEST,MSET,10,2026-10-06 14:48:31,2026-10-06 15:10:30,CLOSED,22,,"W_COMMIT,WAIT_RATIO,TXN,SESSIONS,REDO",catch of 125 logon_storm LOW
EVAL_TEST,MSET,11,2026-10-06 17:10:31,2026-10-06 19:24:30,CLOSED,134,,"REDO,BLKCHG",catch of 126 slow_drift LOW
EVAL_TEST,MSET,12,2026-10-06 19:59:30,2026-10-06 20:37:30,CLOSED,38,,"W_COMMIT,TXN,SQL_RT,SESSIONS,REDO",catch of 127 commit_storm HIGH
EVAL_TEST,MSET,13,2026-10-06 21:19:30,2026-10-06 21:31:29,CLOSED,12,,LOGONS,false alarm
EVAL_TEST,MSET,14,2026-10-06 21:32:30,2026-10-06 22:21:30,CLOSED,49,,"SESSIONS,LOGONS",catch of 128 conn_leak HIGH
EVAL_TEST,MSET,15,2026-10-06 23:01:30,2026-10-06 23:41:29,CLOSED,40,,"SESSIONS,PWRITES,LOGONS",catch of 129 conn_leak HIGH
EVAL_TEST,SVM,1,2026-10-06 01:01:30,2026-10-06 01:40:30,CLOSED,39,,,catch of 114 io_storm HIGH
EVAL_TEST,SVM,2,2026-10-06 02:38:30,2026-10-06 03:09:30,CLOSED,31,,"CPU_TXN,SQL_RT,RT_TXN,CPU,DBTIME",catch of 115 cpu_hog HIGH
EVAL_TEST,SVM,3,2026-10-06 04:14:31,2026-10-06 04:49:30,CLOSED,35,,"PIO_BYTES,PIO,PWRITES,SQL_RT,CPU_TXN",catch of 116 temp_spill LOW
EVAL_TEST,SVM,4,2026-10-06 05:01:30,2026-10-06 05:12:30,CLOSED,11,,"CPU,PARSE,PIO_BYTES,PIO,LONGSCANS",inside window of 116 temp_spill LOW
EVAL_TEST,SVM,5,2026-10-06 06:17:30,2026-10-06 06:28:30,CLOSED,11,,"LIO,CPU,APP_P50_MS,W_COMMIT,HARDPARSE",catch of 117 plan_regression LOW
EVAL_TEST,SVM,6,2026-10-06 07:29:30,2026-10-06 07:50:29,CLOSED,21,,"HARDPARSE,W_COMMIT,LIO,EXECS,DBTIME",catch of 118 hard_parse_storm LOW
EVAL_TEST,SVM,7,2026-10-06 09:05:31,2026-10-06 09:29:30,CLOSED,24,,,catch of 121 blocking_chain HIGH
EVAL_TEST,SVM,8,2026-10-06 10:34:30,2026-10-06 10:58:30,CLOSED,24,,"SESSIONS,W_COMMIT,WAIT_RATIO,CPU,APP_P50_MS",catch of 122 conn_leak LOW
EVAL_TEST,SVM,9,2026-10-06 13:21:31,2026-10-06 13:43:30,CLOSED,22,,"PWRITES,PIO_BYTES,PIO,BLKCHG,REDO",catch of 124 batch_wrong_time LOW
EVAL_TEST,SVM,10,2026-10-06 14:48:31,2026-10-06 15:08:31,CLOSED,20,,LOGONS,catch of 125 logon_storm LOW
EVAL_TEST,SVM,11,2026-10-06 19:59:30,2026-10-06 20:19:30,CLOSED,20,,"COMMITS,TXN,W_COMMIT,WAIT_RATIO,DBTIME",catch of 127 commit_storm HIGH
EVAL_TEST,SVM,12,2026-10-06 21:32:30,2026-10-06 22:19:30,CLOSED,47,,SESSIONS,catch of 128 conn_leak HIGH
EVAL_TEST,SVM,13,2026-10-06 23:01:30,2026-10-06 23:39:30,CLOSED,38,,SESSIONS,catch of 129 conn_leak HIGH
EVAL_TEST,EM,1,2026-10-06 01:01:30,2026-10-06 01:40:30,CLOSED,39,,,catch of 114 io_storm HIGH
EVAL_TEST,EM,2,2026-10-06 02:38:30,2026-10-06 03:10:31,CLOSED,32,,,catch of 115 cpu_hog HIGH
EVAL_TEST,EM,3,2026-10-06 04:14:31,2026-10-06 04:52:30,CLOSED,38,,,catch of 116 temp_spill LOW
EVAL_TEST,EM,4,2026-10-06 05:01:30,2026-10-06 05:25:30,CLOSED,24,,,inside window of 116 temp_spill LOW
EVAL_TEST,EM,5,2026-10-06 05:52:30,2026-10-06 06:41:30,CLOSED,49,,,catch of 117 plan_regression LOW
EVAL_TEST,EM,6,2026-10-06 07:26:31,2026-10-06 07:56:30,CLOSED,30,,,catch of 118 hard_parse_storm LOW
EVAL_TEST,EM,7,2026-10-06 08:01:30,2026-10-06 08:11:30,CLOSED,10,,"PIO_BYTES,PIO",inside window of 118 hard_parse_storm LOW
EVAL_TEST,EM,8,2026-10-06 09:01:31,2026-10-06 09:42:30,CLOSED,41,,,false alarm
EVAL_TEST,EM,9,2026-10-06 12:01:31,2026-10-06 12:39:30,CLOSED,38,,"PIO_BYTES,PIO,W_APPL",catch of 123 app_error_burst LOW
EVAL_TEST,EM,10,2026-10-06 13:21:31,2026-10-06 13:43:30,CLOSED,22,,,catch of 124 batch_wrong_time LOW
EVAL_TEST,EM,11,2026-10-06 14:48:31,2026-10-06 15:12:30,CLOSED,24,,,catch of 125 logon_storm LOW
EVAL_TEST,EM,12,2026-10-06 16:18:30,2026-10-06 19:42:31,CLOSED,204,,"W_USERIO,PIO_BYTES,PIO,LIO_TXN",catch of 126 slow_drift LOW
EVAL_TEST,EM,13,2026-10-06 19:59:30,2026-10-06 20:27:30,CLOSED,28,,,catch of 127 commit_storm HIGH
EVAL_TEST,EM,14,2026-10-06 22:01:31,2026-10-06 22:13:30,CLOSED,12,,"PIO_BYTES,PIO,CALLS,APP_TPS,TXN",catch of 128 conn_leak HIGH
EVAL_TEST,PCA,1,2026-10-06 01:01:30,2026-10-06 01:40:30,CLOSED,39,,"PIO_BYTES,PIO,ENQ_WAITS,LONGSCANS,W_APPL",catch of 114 io_storm HIGH
EVAL_TEST,PCA,2,2026-10-06 02:38:30,2026-10-06 03:09:30,CLOSED,31,,"CPU_TXN,SQL_RT,WAIT_RATIO,RT_TXN,APP_P50_MS",catch of 115 cpu_hog HIGH
EVAL_TEST,PCA,3,2026-10-06 04:14:31,2026-10-06 04:49:30,CLOSED,35,,"PIO_BYTES,PIO,ENQ_WAITS,REDO,BLKCHG",catch of 116 temp_spill LOW
EVAL_TEST,PCA,4,2026-10-06 05:01:30,2026-10-06 05:19:30,CLOSED,18,,"HARDPARSE,PIO_BYTES,PIO,LONGSCANS,ENQ_WAITS",inside window of 116 temp_spill LOW
EVAL_TEST,PCA,5,2026-10-06 07:27:31,2026-10-06 07:50:29,CLOSED,23,,"HARDPARSE,EXECS,LONGSCANS,PARSE,ENQ_WAITS",catch of 118 hard_parse_storm LOW
EVAL_TEST,PCA,6,2026-10-06 09:05:31,2026-10-06 09:31:30,CLOSED,26,,"W_APPL,SQL_RT,W_OTHER,RT_TXN,W_USERIO",catch of 121 blocking_chain HIGH
EVAL_TEST,PCA,7,2026-10-06 10:34:30,2026-10-06 10:58:30,CLOSED,24,,"WAIT_RATIO,SESSIONS,W_CONFIG,PWRITES,W_USERIO",catch of 122 conn_leak LOW
EVAL_TEST,PCA,8,2026-10-06 13:21:31,2026-10-06 13:43:30,CLOSED,22,,"PWRITES,LIO_TXN,WAIT_RATIO,REDO,BLKCHG",catch of 124 batch_wrong_time LOW
EVAL_TEST,PCA,9,2026-10-06 14:48:31,2026-10-06 15:09:30,CLOSED,21,,"PWRITES,LOGONS,SESSIONS,BLKCHG,W_CONFIG",catch of 125 logon_storm LOW
EVAL_TEST,PCA,10,2026-10-06 19:59:30,2026-10-06 20:19:30,CLOSED,20,,"COMMITS,W_COMMIT,APP_TPS,CALLS,CPU",catch of 127 commit_storm HIGH
EVAL_TEST,PCA,11,2026-10-06 21:32:30,2026-10-06 22:19:30,CLOSED,47,,"WAIT_RATIO,SESSIONS,W_CONFIG,PWRITES,W_USERIO",catch of 128 conn_leak HIGH
EVAL_TEST,PCA,12,2026-10-06 23:01:30,2026-10-06 23:39:30,CLOSED,38,,"WAIT_RATIO,SESSIONS,W_CONFIG,PWRITES,W_USERIO",catch of 129 conn_leak HIGH
EVAL_TEST,IFOREST,1,2026-10-06 01:01:30,2026-10-06 01:40:30,CLOSED,39,,,catch of 114 io_storm HIGH
EVAL_TEST,IFOREST,2,2026-10-06 02:38:30,2026-10-06 03:09:30,CLOSED,31,,,catch of 115 cpu_hog HIGH
EVAL_TEST,IFOREST,3,2026-10-06 04:14:31,2026-10-06 04:49:30,CLOSED,35,,,catch of 116 temp_spill LOW
EVAL_TEST,IFOREST,4,2026-10-06 05:01:30,2026-10-06 05:13:30,CLOSED,12,,,inside window of 116 temp_spill LOW
EVAL_TEST,IFOREST,5,2026-10-06 05:58:30,2026-10-06 06:34:30,CLOSED,36,,,catch of 117 plan_regression LOW
EVAL_TEST,IFOREST,6,2026-10-06 09:05:31,2026-10-06 09:34:31,CLOSED,29,,,catch of 121 blocking_chain HIGH
EVAL_TEST,IFOREST,7,2026-10-06 13:21:31,2026-10-06 13:43:30,CLOSED,22,,,catch of 124 batch_wrong_time LOW
EVAL_TEST,IFOREST,8,2026-10-06 14:48:31,2026-10-06 15:09:30,CLOSED,21,,,catch of 125 logon_storm LOW
EVAL_TEST,IFOREST,9,2026-10-06 18:18:30,2026-10-06 19:32:30,CLOSED,74,,,catch of 126 slow_drift LOW
EVAL_TEST,IFOREST,10,2026-10-06 19:59:30,2026-10-06 20:27:30,CLOSED,28,,,catch of 127 commit_storm HIGH
EVAL_TEST,IFOREST,11,2026-10-06 22:01:31,2026-10-06 22:11:30,CLOSED,10,,,catch of 128 conn_leak HIGH
EVAL_TEST,STATIC,1,2026-10-06 01:01:30,2026-10-06 01:40:30,CLOSED,39,"PIO,PIO_BYTES,LIO_TXN,SQL_RT,CPU_TXN,LIO,RT_TXN,W_USERIO","PIO,PIO_BYTES,LIO_TXN,SQL_RT,CPU_TXN",catch of 114 io_storm HIGH
EVAL_TEST,STATIC,2,2026-10-06 02:38:30,2026-10-06 03:09:30,CLOSED,31,"SQL_RT,CPU_TXN,RT_TXN,CPU","SQL_RT,CPU_TXN,RT_TXN,CPU,AAS",catch of 115 cpu_hog HIGH
EVAL_TEST,STATIC,3,2026-10-06 04:14:31,2026-10-06 04:49:30,CLOSED,35,"PWRITES,PIO,PIO_BYTES,SQL_RT,W_USERIO","PWRITES,PIO,PIO_BYTES,SQL_RT,W_USERIO",catch of 116 temp_spill LOW
EVAL_TEST,STATIC,4,2026-10-06 05:01:30,2026-10-06 05:25:30,CLOSED,24,"LONGSCANS,PIO,PIO_BYTES,ENQ_WAITS,LIO,LIO_TXN,W_APPL,CPU_TXN","LONGSCANS,PIO,PIO_BYTES,PARSE,ENQ_WAITS",inside window of 116 temp_spill LOW
EVAL_TEST,STATIC,5,2026-10-06 06:02:30,2026-10-06 06:41:30,CLOSED,39,W_OTHER,W_OTHER,catch of 117 plan_regression LOW
EVAL_TEST,STATIC,6,2026-10-06 07:27:31,2026-10-06 08:10:31,CLOSED,43,HARDPARSE,HARDPARSE,catch of 118 hard_parse_storm LOW
EVAL_TEST,STATIC,7,2026-10-06 09:05:31,2026-10-06 09:34:31,CLOSED,29,"RT_TXN,SQL_RT,W_APPL,AAS,DBTIME,APP_TPS,COMMITS,TXN,CALLS,EXECS,WAIT_RATIO,SESSIONS","RT_TXN,SQL_RT,W_APPL,AAS,DBTIME",catch of 121 blocking_chain HIGH
EVAL_TEST,STATIC,8,2026-10-06 10:34:30,2026-10-06 10:58:30,CLOSED,24,SESSIONS,SESSIONS,catch of 122 conn_leak LOW
EVAL_TEST,STATIC,9,2026-10-06 13:21:31,2026-10-06 13:43:30,CLOSED,22,"PWRITES,BLKCHG,REDO,PIO,PIO_BYTES,LIO_TXN,SQL_RT,LIO,W_CONFIG","PWRITES,BLKCHG,REDO,PIO,PIO_BYTES",catch of 124 batch_wrong_time LOW
EVAL_TEST,STATIC,10,2026-10-06 14:48:31,2026-10-06 15:09:30,CLOSED,21,"LOGONS,CPU_TXN,RT_TXN,W_OTHER,CPU","LOGONS,CPU_TXN,RT_TXN,W_OTHER,CPU",catch of 125 logon_storm LOW
EVAL_TEST,STATIC,11,2026-10-06 16:18:30,2026-10-06 16:41:31,CLOSED,23,W_USERIO,W_USERIO,catch of 126 slow_drift LOW
EVAL_TEST,STATIC,12,2026-10-06 17:18:30,2026-10-06 17:28:30,CLOSED,10,W_USERIO,W_USERIO,inside window of 126 slow_drift LOW
EVAL_TEST,STATIC,13,2026-10-06 18:18:30,2026-10-06 18:30:30,CLOSED,12,W_USERIO,W_USERIO,inside window of 126 slow_drift LOW
EVAL_TEST,STATIC,14,2026-10-06 19:59:30,2026-10-06 20:29:30,CLOSED,30,"COMMITS,W_COMMIT,TXN,WAIT_RATIO","COMMITS,W_COMMIT,TXN,WAIT_RATIO,AAS",catch of 127 commit_storm HIGH
EVAL_TEST,STATIC,15,2026-10-06 21:32:30,2026-10-06 22:27:30,CLOSED,55,SESSIONS,SESSIONS,catch of 128 conn_leak HIGH
EVAL_TEST,STATIC,16,2026-10-06 23:01:30,2026-10-06 23:39:30,CLOSED,38,SESSIONS,SESSIONS,catch of 129 conn_leak HIGH
EVAL_TEST,SEASONAL,1,2026-10-06 00:29:30,2026-10-07 00:26:30,OPEN,1437,"SESSIONS,W_USERIO,PIO_BYTES,PIO","SESSIONS,RT_TXN,SQL_RT,AAS,DBTIME",false alarm
