stage,set,run,questions,executed,correct,accuracy_pct
S0_baseline,question,1,22,18,5,22.7
S0_baseline,question,2,22,20,6,27.3
S0_baseline,question,3,22,18,5,22.7
S1_comments,question,1,22,20,17,77.3
S1_comments,question,2,22,20,16,72.7
S1_comments,question,3,22,22,17,77.3
S2_annotations,question,1,22,22,19,86.4
S2_annotations,question,2,22,22,20,90.9
S2_annotations,question,3,22,22,18,81.8
S3_constraints,question,1,22,22,19,86.4
S3_constraints,question,2,22,22,20,90.9
S3_constraints,question,3,22,21,18,81.8
S4_object_list,question,1,22,22,19,86.4
S4_object_list,question,2,22,22,19,86.4
S4_object_list,question,3,22,22,19,86.4
S5_views,question,1,22,15,13,59.1
S5_views,question,2,22,15,13,59.1
S5_views,question,3,22,14,13,59.1
S5b_views_replace,question,1,22,21,19,86.4
S5b_views_replace,question,2,22,21,19,86.4
S5b_views_replace,question,3,22,21,19,86.4
S5c_view_vocabulary,question,1,22,22,18,81.8
S5c_view_vocabulary,question,2,22,22,20,90.9
S5c_view_vocabulary,question,3,22,21,19,86.4
S5c_view_vocabulary,paraphrase,1,22,21,19,86.4
S5c_view_vocabulary,paraphrase,2,22,21,16,72.7
S5c_view_vocabulary,paraphrase,3,22,21,18,81.8
S6_feedback,question,1,22,22,22,100.0
S6_feedback,question,2,22,22,21,95.5
S6_feedback,question,3,22,22,21,95.5
S6_feedback,paraphrase,1,22,22,21,95.5
S6_feedback,paraphrase,2,22,22,21,95.5
S6_feedback,paraphrase,3,22,22,19,86.4
S7_automated,question,1,22,16,15,68.2
S7_automated,question,2,22,18,16,72.7
S7_automated,question,3,22,17,15,68.2
